﻿drugid,cid,drug_name,isosmiles
DR00010,1401,"1-(tert-Butyl)-3-(2-((4-(diethylamino)butyl)amino)-6-(3,5-dimethoxyphenyl)pyrido[2,3-d]pyrimidin-7-yl)urea",CCN(CC)CCCCNC1=NC2=NC(=C(C=C2C=N1)C3=CC(=CC(=C3)OC)OC)NC(=O)NC(C)(C)C
DR00019,2051,"N-(3-chlorophenyl)-6,7-dimethoxyquinazolin-4-amine",COC1=C(C=C2C(=C1)C(=NC=N2)NC3=CC(=CC=C3)Cl)OC
DR00022,2126,"4-{[(5,5,8,8-Tetramethyl-5,6,7,8-tetrahydronaphthalen-2-yl)carbonyl]amino}benzoic acid",CC1(CCC(C2=C1C=CC(=C2)C(=O)NC3=CC=C(C=C3)C(=O)O)(C)C)C
DR00031,2375,Bicalutamide,CC(CS(=O)(=O)C1=CC=C(C=C1)F)(C(=O)NC2=CC(=C(C=C2)C#N)C(F)(F)F)O
DR00041,2708,Chlorambucil,C1=CC(=CC=C1CCCC(=O)O)N(CCCl)CCCl
DR00050,2907,Cyclophosphamide,C1CNP(=O)(OC1)N(CCCl)CCCl
DR00061,3218,Embelin,CCCCCCCCCCCC1=C(C(=O)C=C(C1=O)O)O
DR00067,3385,Fluorouracil,C1=C(C(=O)NC(=O)N1)F
DR00069,3503,Gossypol,CC1=CC2=C(C(=C(C(=C2C(C)C)O)O)C=O)C(=C1C3=C(C4=C(C=C3C)C(=C(C(=C4C=O)O)O)C(C)C)O)O
DR00079,3690,Ifosfamide,C1CN(P(=O)(OC1)NCCCl)CCCl
DR00082,3796,"2,6-Dibromo-4-[(6,7-dimethoxyquinazolin-4-yl)amino]phenol",COC1=C(C=C2C(=C1)C(=NC=N2)NC3=CC(=C(C(=C3)Br)O)Br)OC
DR00087,3899,Leflunomide,CC1=C(C=NO1)C(=O)NC2=CC=C(C=C2)C(F)(F)F
DR00097,4212,Mitoxantrone,C1=CC(=C2C(=C1NCCNCCO)C(=O)C3=C(C=CC(=C3C2=O)O)O)NCCNCCO
DR00099,4261,Entinostat,C1=CC=C(C(=C1)N)NC(=O)C2=CC=C(C=C2)CNC(=O)OCC3=CN=CC=C3
DR00100,4477,Niclosamide,C1=CC(=C(C=C1[N+](=O)[O-])Cl)NC(=O)C2=C(C=CC(=C2)Cl)O
DR00102,4578,o6-Benzylguanine,C1=CC=C(C=C1)COC2=NC(=NC3=C2NC=N3)N
DR00118,4993,Pyrimethamine,CCC1=C(C(=NC(=N1)N)N)C2=CC=C(C=C2)Cl
DR00130,5291,Imatinib,CC1=C(C=C(C=C1)NC(=O)C2=CC=C(C=C2)CN3CCN(CC3)C)NC4=NC=CC(=N4)C5=CN=CC=C5
DR00132,5311,Vorinostat,C1=CC=C(C=C1)NC(=O)CCCCCCC(=O)NO
DR00138,5394,Temozolomide,CN1C(=O)N2C=NC(=C2N=N1)C(=O)N
DR00150,5730,3-(dimethylamino)-N-(3-(4-hydroxybenzamido)-4-methylphenyl)benzamide,CC1=C(C=C(C=C1)NC(=O)C2=CC(=CC=C2)N(C)C)NC(=O)C3=CC=C(C=C3)O
DR00151,5743,Dexamethasone,C[C@@H]1C[C@H]2[C@@H]3CCC4=CC(=O)C=C[C@@]4([C@]3([C@H](C[C@@]2([C@]1(C(=O)CO)O)C)O)F)C
DR00152,5746,mitomycin C,CC1=C(C(=O)C2=C(C1=O)N3C[C@H]4[C@@H]([C@@]3([C@@H]2COC(=O)N)OC)N4)N
DR00162,5978,Vincristine,CC[C@@]1(C[C@@H]2C[C@@](C3=C(CCN(C2)C1)C4=CC=CC=C4N3)(C5=C(C=C6C(=C5)[C@]78CCN9[C@H]7[C@@](C=CC9)([C@H]([C@@]([C@@H]8N6C=O)(C(=O)OC)O)OC(=O)C)CC)OC)C(=O)OC)O
DR00177,6253,Cytarabine,C1=CN(C(=O)N=C1N)[C@H]2[C@H]([C@@H]([C@H](O2)CO)O)O
DR00184,6758,Rotenone,CC(=C)[C@H]1CC2=C(O1)C=CC3=C2O[C@@H]4COC5=CC(=C(C=C5[C@@H]4C3=O)OC)OC
DR00200,8249,Phenformin,C1=CC=C(C=C1)CCN=C(N)N=C(N)N
DR00201,8269,Oxyphenisatin acetate,CC(=O)OC1=CC=C(C=C1)C2(C3=CC=CC=C3NC2=O)C4=CC=C(C=C4)OC(=O)C
DR00205,8515,"1,9-Pyrazoloanthrone",C1=CC=C2C(=C1)C3=NNC4=CC=CC(=C43)C2=O
DR00218,9444,Azacitidine,C1=NC(=NC(=O)N1[C@H]2[C@@H]([C@@H]([C@H](O2)CO)O)O)N
DR00267,13342,Vinblastine,CC[C@@]1(C[C@H]2C[C@@](C3=C(CCN(C2)C1)C4=CC=CC=C4N3)(C5=C(C=C6C(=C5)[C@]78CCN9[C@H]7[C@@](C=CC9)([C@H]([C@@]([C@@H]8N6C)(C(=O)OC)O)OC(=O)C)CC)OC)C(=O)OC)O
DR00329,20345,Kinetin riboside,C1=COC(=C1)CNC2=C3C(=NC=N2)N(C=N3)[C@H]4[C@@H]([C@@H]([C@H](O4)CO)O)O
DR00361,24360,Camptothecin,CC[C@@]1(C2=C(COC1=O)C(=O)N3CC4=CC5=CC=CC=C5N=C4C3=C2)O
DR00378,26596,Parbendazole,CCCCC1=CC2=C(C=C1)N=C(N2)NC(=O)OC
DR00402,31703,Doxorubicin,C[C@H]1[C@H]([C@H](C[C@@H](O1)O[C@H]2C[C@@](CC3=C2C(=C4C(=C3O)C(=O)C5=C(C4=O)C(=CC=C5)OC)O)(C(=O)CO)O)N)O
DR00415,36314,Paclitaxel,CC1=C2[C@H](C(=O)[C@@]3([C@H](C[C@@H]4[C@]([C@H]3[C@@H]([C@@](C2(C)C)(C[C@@H]1OC(=O)[C@@H]([C@H](C5=CC=CC=C5)NC(=O)C6=CC=CC=C6)O)O)OC(=O)C7=CC=CC=C7)(CO4)OC(=O)C)O)C)OC(=O)C
DR00417,36462,Etoposide,C[C@@H]1OC[C@@H]2[C@@H](O1)[C@@H]([C@H]([C@@H](O2)O[C@H]3[C@H]4COC(=O)[C@@H]4[C@@H](C5=CC6=C(C=C35)OCO6)C7=CC(=C(C(=C7)OC)O)OC)O)O
DR00433,41867,Epirubicin,C[C@H]1[C@@H]([C@H](C[C@@H](O1)O[C@H]2C[C@@](CC3=C2C(=C4C(=C3O)C(=O)C5=C(C4=O)C(=CC=C5)OC)O)(C(=O)CO)O)N)O
DR00438,42640,"Benzofurazan, 4-(4-methyl-1-piperazinyl)-7-nitro-, 3-oxide",CN1CCN(CC1)C2=CC=C(C3=NO[N+](=C23)[O-])[N+](=O)[O-]
DR00442,42890,Idarubicin,C[C@H]1[C@H]([C@H](C[C@@H](O1)O[C@H]2C[C@@](CC3=C2C(=C4C(=C3O)C(=O)C5=CC=CC=C5C4=O)O)(C(=O)C)O)N)O
DR00446,44259,Staurosporine,C[C@@]12[C@@H]([C@@H](C[C@@H](O1)N3C4=CC=CC=C4C5=C6C(=C7C8=CC=CC=C8N2C7=C53)CNC6=O)NC)OC
DR00456,53232,Lovastatin,CC[C@H](C)C(=O)O[C@H]1C[C@H](C=C2[C@H]1[C@H]([C@H](C=C2)C)CC[C@@H]3C[C@H](CC(=O)O3)O)C
DR00462,54454,Simvastatin,CCC(C)(C)C(=O)O[C@H]1C[C@H](C=C2[C@H]1[C@H]([C@H](C=C2)C)CC[C@@H]3C[C@H](CC(=O)O3)O)C
DR00469,55283,Itraconazole,CCC(C)N1C(=O)N(C=N1)C2=CC=C(C=C2)N3CCN(CC3)C4=CC=C(C=C4)OC[C@H]5CO[C@](O5)(CN6C=NC=N6)C7=C(C=C(C=C7)Cl)Cl
DR00499,60700,Topotecan,CC[C@@]1(C2=C(COC1=O)C(=O)N3CC4=CC5=C(C=CC(=C5CN(C)C)O)N=C4C3=C2)O
DR00500,60750,Gemcitabine,C1=CN(C(=O)N=C1N)[C@H]2C([C@@H]([C@H](O2)CO)O)(F)F
DR00504,60838,Irinotecan,CCC1=C2CN3C(=CC4=C(C3=O)COC(=O)[C@@]4(CC)O)C2=NC5=C1C=C(C=C5)OC(=O)N6CCC(CC6)N7CCCCC7
DR00515,64945,Ursolic acid,C[C@@H]1CC[C@@]2(CC[C@@]3(C(=CC[C@H]4[C@]3(CC[C@@H]5[C@@]4(CC[C@@H](C5(C)C)O)C)C)[C@@H]2[C@H]1C)C)C(=O)O
DR00519,65110,AICA ribonucleotide,C1=NC(=C(N1[C@H]2[C@@H]([C@@H]([C@H](O2)COP(=O)(O)O)O)O)N)C(=O)N
DR00559,68740,Zoledronic acid,C1=CN(C=N1)CC(O)(P(=O)(O)O)P(=O)(O)O
DR00597,72376,Narciclasine,C1OC2=C(O1)C(=C3C(=C2)C4=C[C@@H]([C@H]([C@H]([C@@H]4NC3=O)O)O)O)O
DR00692,76044,S-Trityl-L-cysteine,C1=CC=C(C=C1)C(C2=CC=CC=C2)(C3=CC=CC=C3)SC[C@@H](C(=O)O)N
DR00722,82146,Bexarotene,CC1=CC2=C(C=C1C(=C)C3=CC=C(C=C3)C(=O)O)C(CCC2(C)C)(C)C
DR00759,92577,8-Hydroxy-7-(6-sulfo-naphthalen-2-ylazo)-quinoline-5-sulfonic acid,C1=CC2=C(C=C(C(=C2N=C1)O)N=NC3=CC4=C(C=C3)C=C(C=C4)S(=O)(=O)O)S(=O)(=O)O
DR00806,97489,2-Phenylnicotinic acid,C1=CC=C(C=C1)C2=C(C=CC=N2)C(=O)O
DR00881,104741,Fulvestrant,C[C@]12CC[C@H]3[C@H]([C@@H]1CC[C@@H]2O)[C@@H](CC4=C3C=CC(=C4)O)CCCCCCCCCS(=O)CCCC(C(F)(F)F)(F)F
DR00884,104842,7-Ethyl-10-hydroxycamptothecin,CCC1=C2CN3C(=CC4=C(C3=O)COC(=O)[C@@]4(CC)O)C2=NC5=C1C=C(C=C5)O
DR00890,107969,Fingolimod hydrochloride,CCCCCCCCC1=CC=C(C=C1)CCC(CO)(CO)N.Cl
DR00891,107985,Triptolide,CC(C)[C@@]12[C@@H](O1)[C@H]3[C@@]4(O3)[C@]5(CCC6=C([C@@H]5C[C@H]7[C@]4([C@@H]2O)O7)COC6=O)C
DR00900,119182,Clofarabine,C1=NC2=C(N=C(N=C2N1[C@H]3[C@H]([C@@H]([C@H](O3)CO)O)F)Cl)N
DR00923,123631,Gefitinib,COC1=C(C=C2C(=C1)N=CN=C2NC3=CC(=C(C=C3)F)Cl)OCCCN4CCOCC4
DR00936,126565,Lestaurtinib,C[C@@]12[C@](C[C@@H](O1)N3C4=CC=CC=C4C5=C6C(=C7C8=CC=CC=C8N2C7=C53)CNC6=O)(CO)O
DR00937,126941,Methotrexate,CN(CC1=CN=C2C(=N1)C(=NC(=N2)N)N)C3=CC=C(C=C3)C(=O)N[C@@H](CCC(=O)O)C(=O)O
DR00952,132971,Abiraterone,C[C@]12CC[C@@H](CC1=CC[C@@H]3[C@@H]2CC[C@]4([C@H]3CC=C4C5=CN=CC=C5)C)O
DR00983,148124,Docetaxel,CC1=C2[C@H](C(=O)[C@@]3([C@H](C[C@@H]4[C@]([C@H]3[C@@H]([C@@](C2(C)C)(C[C@@H]1OC(=O)[C@@H]([C@H](C5=CC=CC=C5)NC(=O)OC(C)(C)C)O)O)OC(=O)C6=CC=CC=C6)(CO4)OC(=O)C)O)C)O
DR00987,148198,2-[6-(4-Chlorophenoxy)hexyl]-1-cyano-3-pyridin-4-ylguanidine,C1=CC(=CC=C1OCCCCCCN=C(NC#N)NC2=CC=NC=C2)Cl
DR01018,156414,Canertinib,C=CC(=O)NC1=C(C=C2C(=C1)C(=NC=N2)NC3=CC(=C(C=C3)F)Cl)OCCCN4CCOCC4
DR01019,156422,Doramapimod,CC1=CC=C(C=C1)N2C(=CC(=N2)C(C)(C)C)NC(=O)NC3=CC=C(C4=CC=CC=C43)OCCN5CCOCC5
DR01027,159324,Tipifarnib,CN1C=NC=C1[C@@](C2=CC=C(C=C2)Cl)(C3=CC4=C(C=C3)N(C(=O)C=C4C5=CC(=CC=C5)Cl)C)N
DR01038,160355,Seliciclib,CC[C@H](CO)NC1=NC(=C2C(=N1)N(C=N2)C(C)C)NCC3=CC=CC=C3
DR01068,176158,"3-(2,4-Dichlorophenyl)-4-(1-methyl-1H-indol-3-yl)-1H-pyrrole-2,5-dione",CN1C=C(C2=CC=CC=C21)C3=C(C(=O)NC3=O)C4=C(C=C(C=C4)Cl)Cl
DR01069,176167,Enzastaurin,CN1C=C(C2=CC=CC=C21)C3=C(C(=O)NC3=O)C4=CN(C5=CC=CC=C54)C6CCN(CC6)CC7=CC=CC=N7
DR01071,176870,Erlotinib,COCCOC1=C(C=C2C(=C1)C(=NC=N2)NC3=CC=CC(=C3)C#C)OCCOC
DR01120,208908,Lapatinib,CS(=O)(=O)CCNCC1=CC=C(O1)C2=CC3=C(C=C2)N=CN=C3NC4=CC(=C(C=C4)OCC5=CC(=CC=C5)F)Cl
DR01133,216239,Sorafenib,CNC(=O)C1=NC=CC(=C1)OC2=CC=C(C=C2)NC(=O)NC3=CC(=C(C=C3)Cl)C(F)(F)F
DR01134,216326,Lenalidomide,C1CC(=O)NC(=O)C1N2CC3=C(C2=O)C=CC=C3N
DR01135,216345,Nutlin-3,CC(C)OC1=C(C=CC(=C1)OC)C2=NC(C(N2C(=O)N3CCNC(=O)C3)C4=CC=C(C=C4)Cl)C5=CC=C(C=C5)Cl
DR01173,222778,Fumagillol,CC(=CC[C@@H]1[C@@](O1)(C)[C@H]2[C@@H]([C@@H](CC[C@]23CO3)O)OC)C
DR01236,227681,"(2,5-dioxo-2,5-dihydro-1H-pyrrol-1-yl)methyl propionate",CCC(=O)OCN1C(=O)C=CC1=O
DR01294,234820,Podophyllotoxin bromide,COC1=CC(=CC(=C1OC)OC)[C@H]2[C@@H]3[C@H](COC3=O)C(C4=CC5=C(C=C24)OCO5)Br
DR01368,241158,4-(4-Arsonobenzyl)phenylarsonic acid,C1=CC(=CC=C1CC2=CC=C(C=C2)[As](=O)(O)O)[As](=O)(O)O
DR01393,243725,Dihydrorotenone,CC(C)[C@H]1CC2=C(O1)C=CC3=C2O[C@@H]4COC5=CC(=C(C=C5[C@@H]4C3=O)OC)OC
DR01487,252682,2-Hydroxy-4-(2-(tosyloxy)acetamido)benzoic acid,CC1=CC=C(C=C1)S(=O)(=O)OCC(=O)NC2=CC(=C(C=C2)C(=O)O)O
DR01597,262093,"2,3-Bis(2-hydroxyethylthio)-1,4-naphthalenedione",C1=CC=C2C(=C1)C(=O)C(=C(C2=O)SCCO)SCCO
DR01850,285033,Omacetaxine mepesuccinate,CC(C)(CCC[C@@](CC(=O)OC)(C(=O)O[C@H]1[C@H]2C3=CC4=C(C=C3CCN5[C@@]2(CCC5)C=C1OC)OCO4)O)O
DR01957,300471,Elesclomol,CN(C(=S)C1=CC=CC=C1)NC(=O)CC(=O)NN(C)C(=S)C2=CC=CC=C2
DR02092,322968,Prima-1,C1CN2CCC1C(=O)C2(CO)CO
DR02464,353472,Gallibiscoquinazole,COC1=C(C(=C2C(=C1)C(=O)NC(N2)(NC(=O)OC)NC(=O)OC)OC)OC
DR04284,374536,Rita,C1=C(SC(=C1)C2=CC=C(O2)C3=CC=C(S3)CO)CO
DR04441,375860,"6-(2-Fluorophenyl)[1,3]dioxolo[4,5-G]quinolin-8(5h)-One",C1OC2=C(O1)C=C3C(=C2)C(=O)C=C(N3)C4=CC=CC=C4F
DR06363,387447,Bortezomib,B([C@H](CC(C)C)NC(=O)[C@H](CC1=CC=CC=C1)NC(=O)C2=NC=CN=C2)(O)O
DR08230,397888,"5H-(1,3)Dioxolo(5,6)indeno(1,2-C)isoquinoline-5,12(6H)-dione, 6-(3-((2-hydroxyethyl)amino)propyl)-2,3-dimethoxy-",COC1=C(C=C2C(=C1)C3=C(C4=CC5=C(C=C4C3=O)OCO5)N(C2=O)CCCNCCO)OC
DR08692,400769,Bardoxolone methyl,C[C@@]12CC[C@]3(CCC(C[C@H]3[C@H]1C(=O)C=C4[C@]2(CC[C@@H]5[C@@]4(C=C(C(=O)C5(C)C)C#N)C)C)(C)C)C(=O)OC
DR09617,409805,"N6-[2-[5-(diethylamino)pentan-2-ylamino]-6-methyl-4-pyrimidinyl]-2-methylquinoline-4,6-diamine",CCN(CC)CCCC(C)NC1=NC(=CC(=N1)NC2=CC3=C(C=C(N=C3C=C2)C)N)C
DR09786,439501,Ouabain,C[C@H]1[C@@H]([C@H]([C@H]([C@@H](O1)O[C@H]2C[C@H]([C@@]3([C@@H]4[C@@H](CC[C@@]3(C2)O)[C@]5(CC[C@@H]([C@]5(C[C@H]4O)C)C6=CC(=O)OC6)O)CO)O)O)O)O
DR09805,442205,Elephantin,CC(=CC(=O)O[C@H]1CC2=C[C@@H](C[C@@]3([C@H](O3)[C@@H]4[C@@H]1C(=C)C(=O)O4)C)OC2=O)C
DR09811,442972,Cyclopamine,C[C@H]1C[C@@H]2[C@H]([C@H]([C@]3(O2)CC[C@H]4[C@@H]5CC=C6C[C@H](CC[C@@]6([C@H]5CC4=C3C)C)O)C)NC1
DR09819,444732,trichostatin A,C[C@H](/C=C(\\C)/C=C/C(=O)NO)C(=O)C1=CC=C(C=C1)N(C)C
DR09820,444795,Tretinoin,CC1=C(C(CCC1)(C)C)/C=C/C(=C/C=C/C(=C/C(=O)O)/C)/C
DR09824,446155,Fluvastatin,CC(C)N1C2=CC=CC=C2C(=C1/C=C/[C@H](C[C@H](CC(=O)O)O)O)C3=CC=C(C=C3)F
DR09825,446378,Thapsigargin,CCCCCCCC(=O)O[C@H]1[C@H]2C(=C([C@@H]1OC(=O)/C(=C\\C)/C)C)[C@H]3[C@]([C@H](C[C@]2(C)OC(=O)C)OC(=O)CCC)([C@](C(=O)O3)(C)O)O
DR09826,446541,Mycophenolic acid,CC1=C2COC(=O)C2=C(C(=C1OC)C/C=C(\\C)/CCC(=O)O)O
DR09828,447912,"N-(2,2,2-Trifluoroethyl)-N-{4-[2,2,2-trifluoro-1-hydroxy-1-(trifluoromethyl)ethyl]phenyl}benzenesulfonamide",C1=CC=C(C=C1)S(=O)(=O)N(CC(F)(F)F)C2=CC=C(C=C2)C(C(F)(F)F)(C(F)(F)F)O
DR09829,448013,Epothilone B,C[C@H]1CCC[C@@]2([C@@H](O2)C[C@H](OC(=O)C[C@@H](C(C(=O)[C@@H]([C@H]1O)C)(C)C)O)/C(=C/C3=CSC(=N3)C)/C)C
DR09836,451668,Decitabine,C1[C@@H]([C@H](O[C@H]1N2C=NC(=NC2=O)N)CO)O
DR09838,452548,Teniposide,COC1=CC(=CC(=C1O)OC)[C@H]2[C@@H]3[C@H](COC3=O)[C@@H](C4=CC5=C(C=C24)OCO5)O[C@H]6[C@@H]([C@H]([C@H]7[C@H](O6)CO[C@H](O7)C8=CC=CS8)O)O
DR09842,457193,Dactinomycin,C[C@@H]1[C@@H](C(=O)N[C@@H](C(=O)N2CCC[C@H]2C(=O)N(CC(=O)N([C@H](C(=O)O1)C(C)C)C)C)C(C)C)NC(=O)C3=C4C(=C(C=C3)C)OC5=C(C(=O)C(=C(C5=N4)C(=O)N[C@H]6[C@H](OC(=O)[C@@H](N(C(=O)CN(C(=O)[C@@H]7CCCN7C(=O)[C@H](NC6=O)C(C)C)C)C)C(C)C)C)N)C
DR09861,462382,Z-Leu-leu-leu-al,CC(C)C[C@@H](C=O)NC(=O)[C@H](CC(C)C)NC(=O)[C@H](CC(C)C)NC(=O)OCC1=CC=CC=C1
DR09871,479503,Shikonin,CC(=CC[C@H](C1=CC(=O)C2=C(C=CC(=C2C1=O)O)O)O)C
DR09964,521106,Bis(2-hydroxy-1-naphthyl) disulfide,C1=CC=C2C(=C1)C=CC(=C2SSC3=C(C=CC4=CC=CC=C43)O)O
DR09965,560326,Dimethyloxalylglycine,COC(=O)CNC(=O)C(=O)OC
DR09975,637858,Piperlongumine,COC1=CC(=CC(=C1OC)OC)/C=C/C(=O)N2CCC=CC2=O
DR09978,644215,"1-Propanol, 3-[[4-[2-[(3-chlorophenyl)amino]-4-pyrimidinyl]-2-pyridinyl]amino]-",C1=CC(=CC(=C1)Cl)NC2=NC=CC(=N2)C3=CC(=NC=C3)NCCCO
DR09979,644241,Nilotinib,CC1=C(C=C(C=C1)C(=O)NC2=CC(=CC(=C2)C(F)(F)F)N3C=C(N=C3)C)NC4=NC=CC(=N4)C5=CN=CC=C5
DR09981,657237,Fludarabine,C1=NC2=C(N=C(N=C2N1[C@H]3[C@H]([C@@H]([C@H](O3)CO)O)O)F)N
DR09995,704473,4-(pyridin-4-yl)-N-(m-tolyl)thiazol-2-amine,CC1=CC(=CC=C1)NC2=NC(=CS2)C3=CC=NC=C3
DR10048,969516,Curcumin,COC1=C(C=CC(=C1)/C=C/C(=O)CC(=O)/C=C/C2=CC(=C(C=C2)O)OC)O
DR10049,984170,"4-[4-(2,3-Dihydro-1,4-benzodioxin-6-YL)-3-methyl-1H-pyrazol-5-YL]-6-ethylbenzene-1,3-diol",CCC1=CC(=C(C=C1O)O)C2=NNC(=C2C3=CC4=C(C=C3)OCCO4)C
DR10050,984333,4-({[(4-Tert-Butylphenyl)sulfonyl]amino}methyl)-N-(Pyridin-3-Yl)benzamide,CC(C)(C)C1=CC=C(C=C1)S(=O)(=O)NCC2=CC=C(C=C2)C(=O)NC3=CN=CC=C3
DR10051,992586,2-[4-[(4-Bromophenyl)sulfonylamino]-1-hydroxynaphthalen-2-yl]sulfanylacetic acid,C1=CC=C2C(=C1)C(=CC(=C2O)SCC(=O)O)NS(=O)(=O)C3=CC=C(C=C3)Br
DR10165,1750826,"Rsl3 (1S,3R-)",COC(=O)[C@H]1CC2=C([C@@H](N1C(=O)CCl)C3=CC=C(C=C3)C(=O)OC)NC4=CC=CC=C24
DR10177,2155128,"N-(6-Methyl-2-benzothiazolyl)-2-[(3,4,6,7-tetrahydro-4-oxo-3-phenylthieno[3,2-d]pyrimidin-2-yl)thio]-acetamide",CC1=CC2=C(C=C1)N=C(S2)NC(=O)CSC3=NC4=C(C(=O)N3C5=CC=CC=C5)SCC4
DR10180,2314623,"(2E,5E)-2,5-bis(thiophen-2-ylmethylene)cyclopentanone",C1/C(=C\\C2=CC=CS2)/C(=O)/C(=C/C3=CC=CS3)/C1
DR10195,2733526,Tamoxifen,CC/C(=C(\\C1=CC=CC=C1)/C2=CC=C(C=C2)OCCN(C)C)/C3=CC=CC=C3
DR10211,2802462,4'-Isopropylflavone,CC(C)C1=CC=C(C=C1)C2=CC(=O)C3=CC=CC=C3O2
DR10222,2984337,"2-[3-[[4-(4-Methoxyphenyl)-5-pyridin-4-yl-1,2,4-triazol-3-yl]sulfanyl]propyl]benzo[de]isoquinoline-1,3-dione",COC1=CC=C(C=C1)N2C(=NN=C2SCCCN3C(=O)C4=CC=CC5=C4C(=CC=C5)C3=O)C6=CC=NC=C6
DR10419,3005532,methyl (2S)-2-[[4-[[(2R)-2-amino-3-sulfanylpropyl]amino]-2-phenylbenzoyl]amino]-4-methylsulfanylbutanoate,COC(=O)[C@H](CCSC)NC(=O)C1=C(C=C(C=C1)NC[C@H](CS)N)C2=CC=CC=C2
DR10431,3011155,Nelarabine,COC1=NC(=NC2=C1N=CN2[C@H]3[C@H]([C@@H]([C@H](O3)CO)O)O)N
DR10434,3025986,"N-(5-(((5-(1,1-Dimethylethyl)-2-oxazolyl)methyl)thio)-2-thiazolyl)-4-piperidinecarboxamide",CC(C)(C)C1=CN=C(O1)CSC2=CN=C(S2)NC(=O)C3CCNCC3
DR10450,3038522,Tandutinib,CC(C)OC1=CC=C(C=C1)NC(=O)N2CCN(CC2)C3=NC=NC4=CC(=C(C=C43)OC)OCCCN5CCCCC5
DR10454,3062316,Dasatinib,CC1=C(C(=CC=C1)Cl)NC(=O)C2=CN=C(S2)NC3=CC(=NC(=N3)C)N4CCN(CC4)CCO
DR10458,3081361,Vandetanib,CN1CCC(CC1)COC2=C(C=C3C(=C2)N=CN=C3NC4=C(C=C(C=C4)Br)F)OC
DR10466,3101542,(E)-4-(2-(2-Ethoxyphenyl)hydrazono)-3-methyl-1-(4-phenylthiazol-2-yl)-1H-pyrazol-5(4H)-one,CCOC1=CC=CC=C1N=NC2=C(NN(C2=O)C3=NC(=CS3)C4=CC=CC=C4)C
DR10503,3372016,"N,N'-[sulfanediylbis(Ethane-2,1-Diyl-1,3,4-Thiadiazole-5,2-Diyl)]bis(2-Phenylacetamide)",C1=CC=C(C=C1)CC(=O)NC2=NN=C(S2)CCSCCC3=NN=C(S3)NC(=O)CC4=CC=CC=C4
DR10506,3384730,7-[(4-Ethylpiperazin-1-yl)-[4-(trifluoromethyl)phenyl]methyl]quinolin-8-ol,CCN1CCN(CC1)C(C2=CC=C(C=C2)C(F)(F)F)C3=C(C4=C(C=CC=N4)C=C3)O
DR10514,3463933,"2,5-dichloro-N-(2-methyl-4-nitrophenyl)benzenesulfonamide",CC1=C(C=CC(=C1)[N+](=O)[O-])NS(=O)(=O)C2=C(C=CC(=C2)Cl)Cl
DR10531,3689413,2-[(chloroacetyl)(3-chloro-4-methoxyphenyl)amino]-N-(2-phenylethyl)-2-thien-2-ylacetamide,COC1=C(C=C(C=C1)N(C(C2=CC=CS2)C(=O)NCCC3=CC=CC=C3)C(=O)CCl)Cl
DR10567,3827738,"2-[2,6-Dinitro-4-(trifluoromethyl)phenyl]-N-(4-fluorophenyl)hydrazinecarbothioamide",C1=CC(=CC=C1NC(=S)NNC2=C(C=C(C=C2[N+](=O)[O-])C(F)(F)F)[N+](=O)[O-])F
DR10586,4248455,4-Methylene-2-octyl-5-oxotetrahydrofuran-3-carboxylic acid,CCCCCCCCC1C(C(=C)C(=O)O1)C(=O)O
DR10589,4263900,"N-(2-chloro-5-nitrophenyl)-2-(6,7-dimethoxy-1,2,3,4-tetrahydroisoquinolin-2-yl)propanamide",CC(C(=O)NC1=C(C=CC(=C1)[N+](=O)[O-])Cl)N2CCC3=CC(=C(C=C3C2)OC)OC
DR10630,5081913,"N-(3,5-bis(trifluoromethyl)phenyl)-5-chloro-2-hydroxybenzamide",C1=CC(=C(C=C1Cl)C(=O)NC2=CC(=CC(=C2)C(F)(F)F)C(F)(F)F)O
DR10633,5113032,"6-chloro-2,3,4,9-tetrahydro-1H-carbazole-1-carboxamide",C1CC(C2=C(C1)C3=C(N2)C=CC(=C3)Cl)C(=O)N
DR10650,5278396,2-Morpholino-6-(thianthren-1-yl)-4H-pyran-4-one,C1COCCN1C2=CC(=O)C=C(O2)C3=C4C(=CC=C3)SC5=CC=CC=C5S4
DR10656,5280754,Cyclosporine,CCC1C(=O)N(CC(=O)N(C(C(=O)NC(C(=O)N(C(C(=O)NC(C(=O)NC(C(=O)N(C(C(=O)N(C(C(=O)N(C(C(=O)N(C(C(=O)N1)C(C(C)C/C=C/C)O)C)C(C)C)C)CC(C)C)C)CC(C)C)C)C)C)CC(C)C)C)C(C)C)CC(C)C)C)C
DR10657,5280757,Bryostatin 1,CCC/C=C/C=C/C(=O)O[C@H]1/C(=C/C(=O)OC)/C[C@H]2C[C@@H](OC(=O)C[C@@H](C[C@@H]3C[C@@H](C([C@@](O3)(C[C@@H]4C/C(=C/C(=O)OC)/C[C@@H](O4)/C=C/C([C@@]1(O2)O)(C)C)O)(C)C)OC(=O)C)O)[C@@H](C)O
DR10670,5281321,Cucurbitacin I,C[C@@]12C[C@H]([C@@H]([C@]1(CC(=O)[C@@]3([C@H]2CC=C4[C@H]3C=C(C(=O)C4(C)C)O)C)C)[C@](C)(C(=O)/C=C/C(C)(C)O)O)O
DR10691,5281899,Einecs 209-437-3,CC[C@H]\\1CC[C@@H]2[C@@H]([C@@H]([C@H]([C@@]3(O2)CC[C@H]([C@H](O3)C[C@H](C)O)C)C)OC(=O)/C=C/[C@H]([C@@H]([C@H](C(=O)[C@H]([C@@H]([C@H](C(=O)[C@@]([C@@H]([C@H](C/C=C/C=C1)C)O)(C)O)C)O)C)C)O)C)C
DR10700,5284616,Sirolimus,C[C@@H]1CC[C@H]2C[C@@H](/C(=C/C=C/C=C/[C@H](C[C@H](C(=O)[C@@H]([C@@H](/C(=C/[C@H](C(=O)C[C@H](OC(=O)[C@@H]3CCCCN3C(=O)C(=O)[C@@]1(O2)O)[C@H](C)C[C@@H]4CC[C@H]([C@@H](C4)OC)O)C)/C)O)OC)C)C)/C)OC
DR10703,5287620,brefeldin A,C[C@H]1CCC/C=C/[C@@H]2C[C@@H](C[C@H]2[C@@H](/C=C/C(=O)O1)O)O
DR10705,5287969,Alvocidib,CN1CC[C@@H]([C@@H](C1)O)C2=C(C=C(C3=C2OC(=CC3=O)C4=CC=CC=C4Cl)O)O
DR10711,5289247,"5-Quinoxalin-6-ylmethylene-thiazolidine-2,4-dione",C1=CC2=NC=CN=C2C=C1/C=C\\3/C(=O)NC(=O)S3
DR10715,5311281,Cytochalasin B,C[C@@H]1CCC[C@H](/C=C/C(=O)O[C@]23[C@@H](/C=C/C1)[C@@H](C(=C)[C@H]([C@H]2[C@@H](NC3=O)CC4=CC=CC=C4)C)O)O
DR10717,5311497,Vinorelbine,CCC1=C[C@H]2C[C@@](C3=C(CN(C2)C1)C4=CC=CC=C4N3)(C5=C(C=C6C(=C5)[C@]78CCN9[C@H]7[C@@](C=CC9)([C@H]([C@@]([C@@H]8N6C)(C(=O)OC)O)OC(=O)C)CC)OC)C(=O)OC
DR10718,5311510,3-(6-((4-(Trifluoromethoxy)phenyl)amino)pyrimidin-4-yl)benzamide,C1=CC(=CC(=C1)C(=O)N)C2=CC(=NC=N2)NC3=CC=C(C=C3)OC(F)(F)F
DR10730,5328940,Bosutinib,CN1CCN(CC1)CCCOC2=C(C=C3C(=C2)N=CC(=C3NC4=CC(=C(C=C4Cl)Cl)OC)C#N)OC
DR10732,5329102,Sunitinib,CCN(CC)CCNC(=O)C1=C(NC(=C1C)/C=C\\2/C3=C(C=CC(=C3)F)NC2=O)C
DR10747,5330286,Palbociclib,CC1=C(C(=O)N(C2=NC(=NC=C12)NC3=NC=C(C=C3)N4CCNCC4)C5CCCC5)C(=O)C
DR10749,5335621,Pyr-41,CCOC(=O)C1=CC=C(C=C1)N2C(=O)/C(=C\\C3=CC=C(O3)[N+](=O)[O-])/C(=O)N2
DR10780,5351307,N'-(1-(Pyridin-2-yl)ethylidene)azetidine-1-carbothiohydrazide,C/C(=N\\NC(=S)N1CCC1)/C2=CC=CC=N2
DR10792,5351362,NSC 632839 hydrochloride,CC1=CC=C(C=C1)/C=C\\2/C(=O)/C(=C/C3=CC=C(C=C3)C)/CNC2.Cl
DR10841,5352062,Istodax,C/C=C\\1/C(=O)N[C@H](C(=O)O[C@H]\\2CC(=O)N[C@@H](C(=O)N[C@H](CSSCC/C=C2)C(=O)N1)C(C)C)C(C)C
DR10884,5360373,Bleomycin,CC1=C(N=C(N=C1N)[C@H](CC(=O)N)NC[C@@H](C(=O)N)N)C(=O)N[C@@H]([C@H](C2=CN=CN2)OC3C(C(C(C(O3)CO)O)O)OC4C(C(C(C(O4)CO)O)OC(=O)N)O)C(=O)N[C@H](C)[C@H]([C@H](C)C(=O)N[C@@H]([C@@H](C)O)C(=O)NCCC5=NC(=CS5)C6=NC(=CS6)C(=O)NCCC[S+](C)C)O
DR11587,5470400,Austocystin D,CC(C)(CCC1=C2C(=C(C=C1)O)C(=O)C3=C(C4=C(C=C3O2)O[C@@H]5[C@]4(C=CO5)O)O)O
DR12162,5477029,Sinularin,C/C/1=C\\CCC(C2CC(CCC3(C(O3)CC1)C)C(=C)C(=O)O2)(C)O
DR12179,5479543,"l-685,458",CC(C)C[C@@H](C(=O)N[C@@H](CC1=CC=CC=C1)C(=O)N)NC(=O)[C@H](CC2=CC=CC=C2)C[C@H]([C@H](CC3=CC=CC=C3)NC(=O)OC(C)(C)C)O
DR12190,5494449,Tozasertib,CC1=CC(=NN1)NC2=CC(=NC(=N2)SC3=CC=C(C=C3)NC(=O)C4CC4)N5CCN(CC5)C
DR12196,5702198,azane;dichloroplatinum,N.N.Cl[Pt]Cl
DR12220,5717801,Salubrinal,C1=CC=C(C=C1)/C=C/C(=O)NC(C(Cl)(Cl)Cl)NC(=S)NC2=CC=CC3=C2N=CC=C3
DR12443,6184667,"3,5-Di-tert-butylchalcone",CC(C)(C)C1=CC(=CC(=C1)C(=O)/C=C/C2=CC=C(C=C2)C(=O)O)C(C)(C)C
DR12582,6445533,Dacinostat,C1=CC=C2C(=C1)C(=CN2)CCN(CCO)CC3=CC=C(C=C3)/C=C/C(=O)NO
DR12583,6445562,Pelitinib,CCOC1=C(C=C2C(=C1)N=CC(=C2NC3=CC(=C(C=C3)F)Cl)C#N)NC(=O)/C=C/CN(C)C
DR12588,6450551,Axitinib,CNC(=O)C1=CC=CC=C1SC2=CC3=C(C=C2)C(=NN3)/C=C/C4=CC=CC=N4
DR12589,6450816,Ispinesib mesylate,CC1=CC=C(C=C1)C(=O)N(CCCN)[C@@H](C2=NC3=C(C=CC(=C3)Cl)C(=O)N2CC4=CC=CC=C4)C(C)C.CS(=O)(=O)O
DR12635,6505803,Tanespimycin,C[C@H]1C[C@@H]([C@@H]([C@H](/C=C(/[C@@H]([C@H](/C=C\\C=C(\\C(=O)NC2=CC(=O)C(=C(C1)C2=O)NCC=C)/C)OC)OC(=O)N)\\C)C)O)OC
DR12699,6610355,N9-Isopropyl-olomoucine,CC(C)N1C=NC2=C(N=C(N=C21)NCCO)NCC3=CC=CC=C3
DR12829,6852167,N-(5-(4-Chloro-3-(N-(2-hydroxyethyl)sulfamoyl)phenyl)-4-methylthiazol-2-yl)acetamide,CC1=C(SC(=N1)NC(=O)C)C2=CC(=C(C=C2)Cl)S(=O)(=O)NCCO
DR12839,6914657,Daporinad,C1CN(CCC1CCCCNC(=O)/C=C/C2=CN=CC=C2)C(=O)C3=CC=CC=C3
DR12843,6917907,Leptomycin B,CC/C(=C/[C@H](C)C/C=C/C(=C/[C@@H](C)C(=O)[C@@H](C)[C@@H]([C@@H](C)C/C(=C/C(=O)O)/C)O)/C)/C=C/[C@H]1[C@H](C=CC(=O)O1)C
DR12845,6918289,Temsirolimus,C[C@@H]1CC[C@H]2C[C@@H](/C(=C/C=C/C=C/[C@H](C[C@H](C(=O)[C@@H]([C@@H](/C(=C/[C@H](C(=O)C[C@H](OC(=O)[C@@H]3CCCCN3C(=O)C(=O)[C@@]1(O2)O)[C@H](C)C[C@@H]4CC[C@H]([C@@H](C4)OC)OC(=O)C(C)(CO)CO)C)/C)O)OC)C)C)/C)OC
DR12846,6918328,Apicidin,CC[C@H](C)[C@H]1C(=O)N2CCCC[C@@H]2C(=O)N[C@H](C(=O)N[C@H](C(=O)N1)CC3=CN(C4=CC=CC=C43)OC)CCCCCC(=O)CC
DR12848,6918454,"2-(2-chloro-4-iodophenylamino)-N-cyclopropylmethoxy-3,4-difluorobenzamide",C1CC1CONC(=O)C2=C(C(=C(C=C2)F)F)NC3=C(C=C(C=C3)I)Cl
DR12849,6918638,Belinostat,C1=CC=C(C=C1)NS(=O)(=O)C2=CC=CC(=C2)/C=C/C(=O)NO
DR12850,6918736,Rigosertib,COC1=C(C=C(C=C1)CS(=O)(=O)/C=C/C2=C(C=C(C=C2OC)OC)OC)NCC(=O)O
DR12851,6918837,Panobinostat,CC1=C(C2=CC=CC=C2N1)CCNCC3=CC=C(C=C3)/C=C/C(=O)NO
DR12852,6918848,(S)-N-Hydroxy-4-(3-methyl-2-phenylbutanamido)benzamide,CC(C)[C@@H](C1=CC=CC=C1)C(=O)NC2=CC=C(C=C2)C(=O)NO
DR12854,6920223,Picolinate,C1=CC=NC(=C1)C(=O)[O-]
DR12857,7251185,Parthenolide,C/C/1=C\\CC[C@@]2([C@H](O2)[C@@H]3[C@@H](CC1)C(=C)C(=O)O3)C
DR12869,9549184,"1H-Indole-2-carboxamide, N-(4-(1-(trans-4-(4-acetyl-1-piperazinyl)cyclohexyl)-4-amino-1H-pyrazolo(3,4-d)pyrimidin-3-yl)-2-methoxyphenyl)-1-methyl-",CC(=O)N1CCN(CC1)C2CCC(CC2)N3C4=NC=NC(=C4C(=N3)C5=CC(=C(C=C5)NC(=O)C6=CC7=CC=CC=C7N6C)OC)N
DR12870,9549289,"3-[[6-(3-Aminophenyl)-7H-pyrrolo[2,3-d]pyrimidin-4-yl]oxy]phenol",C1=CC(=CC(=C1)N)C2=CC3=C(N2)N=CN=C3OC4=CC=CC(=C4)O
DR12871,9549297,Met Kinase Inhibitor,CC1=C(NC(=C1C(=O)N2CCN(CC2)C)C)/C=C\\3/C4=C(C=CC(=C4)S(=O)(=O)N(C)C5=CC(=CC=C5)Cl)NC3=O
DR13388,9803433,MK-0752,C1CC(CCC1CCC(=O)O)(C2=C(C=CC(=C2)F)F)S(=O)(=O)C3=CC=C(C=C3)Cl
DR13393,9810884,"Benzamide, 4-(1-aminoethyl)-N-1H-pyrrolo(2,3-b)pyridin-4-yl-, (R)-",C[C@H](C1=CC=C(C=C1)C(=O)NC2=C3C=CNC3=NC=C2)N
DR13396,9813758,BMS-345541 free base,CC1=CC2=C(C=C1)N=C(C3=NC=C(N23)C)NCCN
DR13399,9823820,Lenvatinib,COC1=CC2=NC=CC(=C2C=C1C(=O)N)OC3=CC(=C(C=C3)NC(=O)NC4CC4)Cl
DR13400,9825149,"5-(3-Phenylmethoxyphenyl)-7-[3-(pyrrolidin-1-ylmethyl)cyclobutyl]pyrrolo[2,3-d]pyrimidin-4-amine",C1CCN(C1)CC2CC(C2)N3C=C(C4=C(N=CN=C43)N)C5=CC(=CC=C5)OCC6=CC=CC=C6
DR13401,9826308,"5-(5,6-Dimethoxy-1-benzimidazolyl)-3-[[2-(trifluoromethyl)phenyl]methoxy]-2-thiophenecarboxamide",COC1=C(C=C2C(=C1)N=CN2C3=CC(=C(S3)C(=O)N)OCC4=CC=CC=C4C(F)(F)F)OC
DR13402,9826528,"N-[(2R)-2,3-dihydroxypropoxy]-3,4-difluoro-2-[(2-fluoro-4-iodophenyl)amino]benzamide",C1=CC(=C(C=C1I)F)NC2=C(C=CC(=C2F)F)C(=O)NOC[C@@H](CO)O
DR13406,9829523,Midostaurin,C[C@@]12[C@@H]([C@@H](C[C@@H](O1)N3C4=CC=CC=C4C5=C6C(=C7C8=CC=CC=C8N2C7=C53)CNC6=O)N(C)C(=O)C9=CC=CC=C9)OC
DR13411,9858940,"2-(4-(benzo[d][1,3]dioxol-5-yl)-2-tert-butyl-1H-imidazol-5-yl)-6-methylpyridine",CC1=NC(=CC=C1)C2=C(N=C(N2)C(C)(C)C)C3=CC4=C(C=C3)OCO4
DR13412,9863776,5Z-7-Oxozeaenol,C[C@H]1C/C=C\\C(=O)[C@H]([C@H](C/C=C/C2=C(C(=CC(=C2)OC)O)C(=O)O1)O)O
DR13415,9868037,Osi-930,C1=CC=C2C(=C1)C(=CC=N2)CNC3=C(SC=C3)C(=O)NC4=CC=C(C=C4)OC(F)(F)F
DR13417,9874913,2-Methoxy-N-[(2E)-3-[4-[[3-methyl-4-[(6-methyl-3-pyridinyl)oxy]phenyl]amino]-6-quinazolinyl]-2-propen-1-yl]acetamide,CC1=NC=C(C=C1)OC2=C(C=C(C=C2)NC3=NC=NC4=C3C=C(C=C4)/C=C/CNC(=O)COC)C
DR13420,9884685,PI-103,C1COCCN1C2=NC(=NC3=C2OC4=C3C=CC=N4)C5=CC(=CC=C5)O
DR13423,9887053,Oxaliplatin,C1CC[C@H]([C@@H](C1)[NH-])[NH-].C(=O)(C(=O)O)O.[Pt+2]
DR13428,9898671,Kahalalide F,CC[C@H](C)[C@@H]1C(=O)N[C@@H](C(=O)N[C@H](C(=O)N/C(=C\\C)/C(=O)N[C@H](C(=O)O[C@@H]([C@H](C(=O)N1)NC(=O)[C@@H]([C@@H](C)CC)NC(=O)[C@H](CCCN)NC(=O)[C@H]2CCCN2C(=O)[C@@H](C(C)C)NC(=O)[C@H](C(C)C)NC(=O)[C@H]([C@@H](C)O)NC(=O)[C@@H](C(C)C)NC(=O)CCCC(C)C)C)C(C)C)CC3=CC=CC=C3)C(C)C
DR13430,9903786,5-(4-Fluorophenyl)-2-ureidothiophene-3-carboxamide,C1=CC(=CC=C1C2=CC(=C(S2)NC(=O)N)C(=O)N)F
DR13432,9907093,"7-methyl-2-morpholino-9-(1-(phenylamino)ethyl)-4H-pyrido[1,2-a]pyrimidin-4-one",CC1=CN2C(=O)C=C(N=C2C(=C1)C(C)NC3=CC=CC=C3)N4CCOCC4
DR13433,9908783,2-((6-amino-9H-purin-9-yl)methyl)-5-methyl-3-o-tolylquinazolin-4(3H)-one,CC1=C2C(=CC=C1)N=C(N(C2=O)C3=CC=CC=C3C)CN4C=NC5=C(N=CN=C54)N
DR13434,9910224,Zibotentan,CC1=CN=C(C(=N1)OC)NS(=O)(=O)C2=C(N=CC=C2)C3=CC=C(C=C3)C4=NN=CO4
DR13437,9911830,Tivozanib,CC1=CC(=NO1)NC(=O)NC2=C(C=C(C=C2)OC3=C4C=C(C(=CC4=NC=C3)OC)OC)Cl
DR13438,9914412,N-[4-[[6-Methoxy-7-[3-(4-morpholinyl)propoxy]-4-quinazolinyl]amino]phenyl]benzamide,COC1=C(C=C2C(=C1)C(=NC=N2)NC3=CC=C(C=C3)NC(=O)C4=CC=CC=C4)OCCCN5CCOCC5
DR13439,9915743,Neratinib,CCOC1=C(C=C2C(=C1)N=CC(=C2NC3=CC(=C(C=C3)OCC4=CC=CC=N4)Cl)C#N)NC(=O)/C=C/CN(C)C
DR13444,9927531,(E)-2-(3-(naphthalen-2-yl)but-2-enamido)benzoic acid,C/C(=C\\C(=O)NC1=CC=CC=C1C(=O)O)/C2=CC3=CC=CC=C3C=C2
DR13445,9931954,Rucaparib,CNCC1=CC=C(C=C1)C2=C3CCNC(=O)C4=C3C(=CC(=C4)F)N2
DR13447,9933475,Cediranib,CC1=CC2=C(N1)C=CC(=C2F)OC3=NC=NC4=CC(=C(C=C43)OC)OCCCN5CCCC5
DR13450,9936746,Birabresib,CC1=C(SC2=C1C(=N[C@H](C3=NN=C(N32)C)CC(=O)NC4=CC=C(C=C4)O)C5=CC=C(C=C5)Cl)C
DR13451,9938202,5-(5-(7-(Trifluoromethyl)quinolin-4-ylthio)pentyloxy)-2-(morpholinomethyl)-4H-pyran-4-one dihydrochloride,C1COCCN1CC2=CC(=O)C(=CO2)OCCCCCSC3=C4C=CC(=CC4=NC=C3)C(F)(F)F.Cl.Cl
DR13454,9943465,"1,3-Dihydro-3-[(1-methyl-1H-indol-3-yl)methylene]-2H-pyrrolo[3,2-b]pyridin-2-one",CN1C=C(C2=CC=CC=C21)/C=C\\3/C4=C(C=CC=N4)NC3=O
DR13458,9952773,Tak-715,CCC1=NC(=C(S1)C2=CC(=NC=C2)NC(=O)C3=CC=CC=C3)C4=CC=CC(=C4)C
DR13462,9956119,"6-((2-((4-(2,4-Dichlorophenyl)-5-(4-methyl-1H-imidazol-2-yl)pyrimidin-2-yl)amino)ethyl)amino)nicotinonitrile",CC1=CN=C(N1)C2=CN=C(N=C2C3=C(C=C(C=C3)Cl)Cl)NCCNC4=NC=C(C=C4)C#N
DR13463,9956222,"6-Amino-N-[3-[4-(4-morpholinyl)pyrido[3',2':4,5]furo[3,2-d]pyrimidin-2-yl]phenyl]-3-pyridinecarboxamide",C1COCCN1C2=NC(=NC3=C2OC4=C3C=CC=N4)C5=CC(=CC=C5)NC(=O)C6=CN=C(C=C6)N
DR13475,10027278,PDK1 inhibitor AR-12,C1=CC=C2C(=C1)C=CC3=C2C=CC(=C3)C4=CC(=NN4C5=CC=C(C=C5)NC(=O)CN)C(F)(F)F
DR13481,10074640,Masitinib,CC1=C(C=C(C=C1)NC(=O)C2=CC=C(C=C2)CN3CCN(CC3)C)NC4=NC(=CS4)C5=CN=CC=C5
DR13483,10077147,N-[3-[[5-Iodo-4-[[3-[(2-thienylcarbonyl)amino]propyl]amino]-2-pyrimidinyl]amino]phenyl]-1-pyrrolidinecarboxamide,C1CCN(C1)C(=O)NC2=CC=CC(=C2)NC3=NC=C(C(=N3)NCCCNC(=O)C4=CC=CS4)I
DR13489,10109823,"1,3-Benzothiazol-2-yl(2-((2-(3-pyridinyl)ethyl)amino)-4-pyrimidinyl)acetonitrile",C1=CC=C2C(=C1)N=C(S2)C(C#N)C3=NC(=NC=C3)NCCC4=CN=CC=C4
DR13491,10113978,Pazopanib,CC1=C(C=C(C=C1)NC2=NC=CC(=N2)N(C)C3=CC4=NN(C(=C4C=C3)C)C)S(=O)(=O)N
DR13492,10127622,Selumetinib,CN1C=NC2=C1C=C(C(=C2F)NC3=C(C=C(C=C3)Br)Cl)C(=O)NOCCO
DR13496,10172943,(2s)-1-(1h-Indol-3-Yl)-3-{[5-(3-Methyl-1h-Indazol-5-Yl)pyridin-3-Yl]oxy}propan-2-Amine,CC1=C2C=C(C=CC2=NN1)C3=CC(=CN=C3)OC[C@H](CC4=CNC5=CC=CC=C54)N
DR13498,10184653,Afatinib,CN(C)C/C=C/C(=O)NC1=C(C=C2C(=C1)C(=NC=N2)NC3=CC(=C(C=C3)F)Cl)O[C@H]4CCOC4
DR13500,10200390,BAY-61-3606 free base,COC1=C(C=C(C=C1)C2=CC3=NC=CN3C(=N2)NC4=C(C=CC=N4)C(=O)N)OC
DR13501,10231331,"5-bromo-N-(2,3-dihydroxypropoxy)-3,4-difluoro-2-((2-fluoro-4-iodophenyl)amino)benzamide",C1=CC(=C(C=C1I)F)NC2=C(C(=C(C=C2C(=O)NOCC(CO)O)Br)F)F
DR13512,10302451,Saracatinib,CN1CCN(CC1)CCOC2=CC3=C(C(=C2)OC4CCOCC4)C(=NC=N3)NC5=C(C=CC6=C5OCO6)Cl
DR13518,10341154,VX-702,C1=CC(=C(C(=C1)F)N(C2=NC(=C(C=C2)C(=O)N)C3=C(C=C(C=C3)F)F)C(=O)N)F
DR13523,10368812,Azd-4877,CC1=CC=C(C=C1)C(=O)N(CCCN)C(C2=NC3=C(C(=NS3)C)C(=O)N2CC4=CC=CC=C4)C(C)C
DR13527,10384072,Wee1 Inhibitor,C1=CC=C(C(=C1)C2=CC3=C(C4=C(N3)C=CC(=C4)O)C5=C2C(=O)NC5=O)Cl
DR13528,10385095,Telomerase Inhibitor IX,C1=CC(=CC(=C1)NC(=O)C2=C(C(=CC=C2)O)O)NC(=O)C3=C(C(=CC=C3)O)O
DR13538,10459196,"5,7-Dihydroxy-2-(4-Hydroxyphenyl)-4-Oxo-4h-Chromen-3-Yl 3,4-Di-O-Acetyl-6-Deoxy-Alpha-L-Mannopyranoside",C[C@H]1[C@@H]([C@H]([C@H]([C@@H](O1)OC2=C(OC3=CC(=CC(=C3C2=O)O)O)C4=CC=C(C=C4)O)O)OC(=O)C)OC(=O)C
DR13540,10461815,Pha-665752,CC1=C(NC(=C1C(=O)N2CCC[C@@H]2CN3CCCC3)C)/C=C\\4/C5=C(C=CC(=C5)S(=O)(=O)CC6=C(C=CC=C6Cl)Cl)NC4=O
DR13583,11152667,(S)-5-(3-Fluorophenyl)-N-(piperidin-3-yl)-3-ureidothiophene-2-carboxamide,C1C[C@@H](CNC1)NC(=O)C2=C(C=C(S2)C3=CC(=CC=C3)F)NC(=O)N
DR13589,11167602,Regorafenib,CNC(=O)C1=NC=CC(=C1)OC2=CC(=C(C=C2)NC(=O)NC3=CC(=C(C=C3)Cl)C(F)(F)F)F
DR13591,11175137,4-(4-chlorophenyl)-4-[4-(1H-pyrazol-4-yl)phenyl]piperidine,C1CNCCC1(C2=CC=C(C=C2)C3=CNN=C3)C4=CC=C(C=C4)Cl
DR13592,11178236,Sepantronium bromide,CC1=[N+](C2=C(N1CCOC)C(=O)C3=CC=CC=C3C2=O)CC4=NC=CN=C4.[Br-]
DR13596,11213558,Tamatinib,CC1(C(=O)NC2=C(O1)C=CC(=N2)NC3=NC(=NC=C3F)NC4=CC(=C(C(=C4)OC)OC)OC)C
DR13600,11228183,Abt-737,CN(C)CC[C@H](CSC1=CC=CC=C1)NC2=C(C=C(C=C2)S(=O)(=O)NC(=O)C3=CC=C(C=C3)N4CCN(CC4)CC5=CC=CC=C5C6=CC=C(C=C6)Cl)[N+](=O)[O-]
DR13605,11234052,Brivanib,CC1=CC2=C(N1)C=CC(=C2F)OC3=NC=NN4C3=C(C(=C4)OC[C@@H](C)O)C
DR13629,11282283,Amuvatinib,C1CN(CCN1C2=NC=NC3=C2OC4=CC=CC=C43)C(=S)NCC5=CC6=C(C=C5)OCO6
DR13643,11317348,"N-(2,4-Difluorophenyl)-N'-[4-[(6,7-dimethoxy-4-quinolinyl)oxy]-2-fluorophenyl]urea",COC1=CC2=C(C=CN=C2C=C1OC)OC3=CC(=C(C=C3)NC(=O)NC4=C(C=C(C=C4)F)F)F
DR13645,11327430,8-(4-Dibenzothienyl)-2-(4-morpholinyl)-4H-1-benzopyran-4-one,C1COCCN1C2=CC(=O)C3=C(O2)C(=CC=C3)C4=CC=CC5=C4SC6=CC=CC=C56
DR13648,11338033,"4-(2,6-dichlorobenzamido)-N-(piperidin-4-yl)-1H-pyrazole-3-carboxamide",C1CNCCC1NC(=O)C2=C(C=NN2)NC(=O)C3=C(C=CC=C3Cl)Cl
DR13651,11351021,Lexibulin,CCC[C@@H](C1=CN=CC=C1)NC2=NC(=NC=C2C)C3=CC(=C(C=C3)NC(=O)NCC)OC
DR13654,11364421,"4-{[(7r)-8-Cyclopentyl-7-Ethyl-5-Methyl-6-Oxo-5,6,7,8-Tetrahydropteridin-2-Yl]amino}-3-Methoxy-N-(1-Methylpiperidin-4-Yl)benzamide",CC[C@@H]1C(=O)N(C2=CN=C(N=C2N1C3CCCC3)NC4=C(C=C(C=C4)C(=O)NC5CCN(CC5)C)OC)C
DR13659,11373846,"N-(6-fluoro-1H-indazol-5-yl)-6-methyl-2-oxo-4-[4-(trifluoromethyl)phenyl]-3,4-dihydro-1H-pyridine-5-carboxamide",CC1=C(C(CC(=O)N1)C2=CC=C(C=C2)C(F)(F)F)C(=O)NC3=C(C=C4C(=C3)C=NN4)F
DR13667,11396600,Elocalcitol,CCC(CC)(/C=C/C[C@H](C)C1=CC[C@@H]\\2[C@@]1(CCC/C2=C\\C=C/3\\C[C@H](C[C@@H](C3=C)F)O)C)O
DR13671,11404337,Obatoclax,CC1=CC(=C(N1)/C=C\\2/C(=C/C(=C/3\\C=C4C=CC=CC4=N3)/N2)OC)C
DR13675,11427553,[4-[(E)-2-(1H-indazol-3-yl)ethenyl]phenyl]-piperazin-1-ylmethanone,C1CN(CCN1)C(=O)C2=CC=C(C=C2)/C=C/C3=NNC4=CC=CC=C43
DR13677,11433190,nutlin-3A,CC(C)OC1=C(C=CC(=C1)OC)C2=N[C@H]([C@H](N2C(=O)N3CCNC(=O)C3)C4=CC=C(C=C4)Cl)C5=CC=C(C=C5)Cl
DR13685,11455910,"N-[4-(2-tert-Butylphenylsulfonyl)phenyl]-2,3,4-trihydroxy-5-(2-isopropylbenzyl)benzamide",CC(C)C1=CC=CC=C1CC2=CC(=C(C(=C2O)O)O)C(=O)NC3=CC=C(C=C3)S(=O)(=O)C4=CC=CC=C4C(C)(C)C
DR13688,11467730,"Benzamide, N-(5-((5-((4-acetyl-1-piperazinyl)carbonyl)-4-methoxy-2-methylphenyl)thio)-2-thiazolyl)-4-(((1,2,2-trimethylpropyl)amino)methyl)-",CC1=CC(=C(C=C1SC2=CN=C(S2)NC(=O)C3=CC=C(C=C3)CNC(C)C(C)(C)C)C(=O)N4CCN(CC4)C(=O)C)OC
DR13690,11476171,Nvp-aew541,C1CN(C1)CC2CC(C2)N3C=C(C4=C(N=CN=C43)N)C5=CC(=CC=C5)OCC6=CC=CC=C6
DR13693,11485656,Linifanib,CC1=CC(=C(C=C1)F)NC(=O)NC2=CC=C(C=C2)C3=C4C(=CC=C3)NN=C4N
DR13695,11488320,Sapitinib,CNC(=O)CN1CCC(CC1)OC2=C(C=C3C(=C2)C(=NC=N3)NC4=C(C(=CC=C4)Cl)F)OC
DR13697,11493598,"5-(2-Phenylpyrazolo[1,5-A]pyridin-3-YL)-1H-pyrazolo[3,4-C]pyridazin-3-amine",C1=CC=C(C=C1)C2=NN3C=CC=CC3=C2C4=CC5=C(NN=C5N=N4)N
DR13698,11494412,Tivantinib,C1CC2=C3C(=CC=C2)C(=CN3C1)[C@H]4[C@@H](C(=O)NC4=O)C5=CNC6=CC=CC=C65
DR13702,11497983,Barasertib,CCN(CCCOC1=CC2=C(C=C1)C(=NC=N2)NC3=NNC(=C3)CC(=O)NC4=CC(=CC=C4)F)CCOP(=O)(O)O
DR13705,11503417,NG5DD6UA5D,C[C@@H](C(=O)N[C@@H](C1CCCCC1)C(=O)N2CC[C@@H]3[C@H]2CN(CC3)CCC4=CC=CC=C4)NC
DR13709,11511120,Dacomitinib,COC1=C(C=C2C(=C1)N=CN=C2NC3=CC(=C(C=C3)F)Cl)NC(=O)/C=C/CN4CCCCC4
DR13745,11609586,Serdemetan,C1=CC=C2C(=C1)C(=CN2)CCNC3=CC=C(C=C3)NC4=CC=NC=C4
DR13750,11617559,"5-(3-Methoxy-4-((4-methoxybenzyl)oxy)benzyl)pyrimidine-2,4-diamine",COC1=CC=C(C=C1)COC2=C(C=C(C=C2)CC3=CN=C(N=C3N)N)OC
DR13754,11624601,JNK Inhibitor VIII,CCOC1=C(C(=CC(=N1)NC(=O)CC2=C(C=CC(=C2)OC)OC)N)C#N
DR13755,11625818,Idelalisib,CC[C@@H](C1=NC2=C(C(=CC=C2)F)C(=O)N1C3=CC=CC=C3)NC4=NC=NC5=C4NC=N5
DR13756,11626560,Crizotinib,C[C@H](C1=C(C=CC(=C1Cl)F)Cl)OC2=C(N=CC(=C2)C3=CN(N=C3)C4CCNCC4)N
DR13757,11626927,IKK-3 Inhibitor,COC1=C(C=C2C(=C1)N=CN2C3=CC(=C(S3)C#N)OCC4=CC=CC=C4S(=O)(=O)C)OC
DR13762,11634725,4-{2-[(2-Chloro-4-Fluorophenyl)amino]-5-Methylpyrimidin-4-Yl}-N-[(1s)-1-(3-Chlorophenyl)-2-Hydroxyethyl]-1h-Pyrrole-2-Carboxamide,CC1=CN=C(N=C1C2=CNC(=C2)C(=O)N[C@H](CO)C3=CC(=CC=C3)Cl)NC4=C(C=C(C=C4)F)Cl
DR13768,11640390,Linsitinib,CC1(CC(C1)C2=NC(=C3N2C=CN=C3N)C4=CC5=C(C=C4)C=CC(=N5)C6=CC=CC=C6)O
DR13773,11647372,"4,4'-(6-(2-(Difluoromethyl)-1H-benzo[d]imidazol-1-yl)-1,3,5-triazine-2,4-diyl)dimorpholine",C1COCCN1C2=NC(=NC(=N2)N3C4=CC=CC=C4N=C3C(F)F)N5CCOCC5
DR13776,11655119,"4-(2-((4-(2-(Pyridin-2-yl)-5,6-dihydro-4H-pyrrolo[1,2-b]pyrazol-3-yl)quinolin-7-yl)oxy)ethyl)morpholine",C1CC2=C(C(=NN2C1)C3=CC=CC=N3)C4=C5C=CC(=CC5=NC=C4)OCCN6CCOCC6
DR13779,11656518,1-methyl-5-[2-[5-(trifluoromethyl)-1H-imidazol-2-yl]pyridin-4-yl]oxy-N-[4-(trifluoromethyl)phenyl]benzimidazol-2-amine,CN1C2=C(C=C(C=C2)OC3=CC(=NC=C3)C4=NC=C(N4)C(F)(F)F)N=C1NC5=CC=C(C=C5)C(F)(F)F
DR13781,11667893,Motesanib,CC1(CNC2=C1C=CC(=C2)NC(=O)C3=C(N=CC=C3)NCC4=CC=NC=C4)C
DR13790,11676786,"3-(2-Cyanopropan-2-yl)-N-(4-methyl-3-((3-methyl-4-oxo-3,4-dihydroquinazolin-6-yl)amino)phenyl)benzamide",CC1=C(C=C(C=C1)NC(=O)C2=CC(=CC=C2)C(C)(C)C#N)NC3=CC4=C(C=C3)N=CN(C4=O)C
DR13802,11707110,Trametinib,CC1=C2C(=C(N(C1=O)C)NC3=C(C=C(C=C3)I)F)C(=O)N(C(=O)N2C4=CC=CC(=C4)NC(=O)C)C5CC5
DR13807,11713159,PF-00562271 free base,CN(C1=C(C=CC=N1)CNC2=NC(=NC=C2C(F)(F)F)NC3=CC4=C(C=C3)NC(=O)C4)S(=O)(=O)C
DR13809,11719003,Ulixertinib,CC(C)NC1=NC=C(C(=C1)C2=CNC(=C2)C(=O)N[C@H](CO)C3=CC(=CC=C3)Cl)Cl
DR13816,11754511,N-[3-[[5-Bromo-4-[[2-(1H-imidazol-5-YL)ethyl]amino]-2-pyrimidinyl]amino]phenyl]-1-pyrrolidinecarboxamide,C1CCN(C1)C(=O)NC2=CC=CC(=C2)NC3=NC=C(C(=N3)NCCC4=CN=CN4)Br
DR13833,11844351,"2,6-Dimethylphenyl (2,4-dimethoxyphenyl)(2-((4-(4-methylpiperazin-1-yl)phenyl)amino)pyrimidin-4-yl)carbamate",CC1=C(C(=CC=C1)C)OC(=O)N(C2=C(C=C(C=C2)OC)OC)C3=NC(=NC=C3)NC4=CC=C(C=C4)N5CCN(CC5)C
DR13843,11955716,Onalespib,CC(C)C1=CC(=C(C=C1O)O)C(=O)N2CC3=C(C2)C=C(C=C3)CN4CCN(CC4)C
DR13850,11960529,Veliparib,C[C@@]1(CCCN1)C2=NC3=C(C=CC=C3N2)C(=O)N
DR13871,11977753,Dactolisib,CC(C)(C#N)C1=CC=C(C=C1)N2C3=C4C=C(C=CC4=NC=C3N(C2=O)C)C5=CC6=CC=CC=C6N=C5
DR13893,12003241,Pluripotin,CC1=C(C=C(C=C1)NC(=O)C2=CC(=CC=C2)C(F)(F)F)N3CC4=CN=C(N=C4N(C3=O)C)NC5=CC(=NN5C)C
DR13938,14998470,"7-Amino-1-cyclopropyl-3-ethyl-2,4-dioxo-1,2,3,4-tetrahydropyrido[2,3-d]pyrimidine-6-carboxamide",CCN1C(=O)C2=CC(=C(N=C2N(C1=O)C3CC3)N)C(=O)N
DR13946,15547703,Tosedostat,CC(C)C[C@H]([C@@H](C(=O)NO)O)C(=O)N[C@@H](C1=CC=CC=C1)C(=O)OC2CCCC2
DR13952,15953870,KU-60019,C[C@@H]1CN(C[C@@H](O1)C)CC(=O)NC2=CC3=C(C=C2)SC4=C(C3)C=CC=C4C5=CC(=O)C=C(O5)N6CCOCC6
DR13959,15983966,(R)-5-(6-((4-methylpiperazin-1-yl)methyl)-1H-benzo[d]imidazol-1-yl)-3-(1-(2-(trifluoromethyl)phenyl)ethoxy)thiophene-2-carboxamide,C[C@H](C1=CC=CC=C1C(F)(F)F)OC2=C(SC(=C2)N3C=NC4=C3C=C(C=C4)CN5CCN(CC5)C)C(=O)N
DR13962,16038120,"5-chloro-N4-(2-(isopropylsulfonyl)phenyl)-N2-(2-methoxy-4-(4-(4-methylpiperazin-1-yl)piperidin-1-yl)phenyl)pyrimidine-2,4-diamine",CC(C)S(=O)(=O)C1=CC=CC=C1NC2=NC(=NC=C2Cl)NC3=C(C=C(C=C3)N4CCC(CC4)N5CCN(CC5)C)OC
DR13995,16095342,"N-[3-[2-(4-amino-1,2,5-oxadiazol-3-yl)-1-ethylimidazo[4,5-c]pyridin-6-yl]oxyphenyl]-4-(2-morpholin-4-ylethoxy)benzamide",CCN1C2=CC(=NC=C2N=C1C3=NON=C3N)OC4=CC=CC(=C4)NC(=O)C5=CC=C(C=C5)OCCN6CCOCC6
DR14015,16115403,Neopeltolide,CCC[C@@H]1C[C@@H](C[C@@H](C[C@@H]2C[C@H](C[C@@H](O2)CC(=O)O1)OC(=O)/C=C\\CCC3=COC(=N3)/C=C\\CNC(=O)OC)C)OC
DR14017,16123056,Voxtalisib,CCN1C2=NC(=NC(=C2C=C(C1=O)C3=CC=NN3)C)N
DR14058,16218924,3-(6-methylpyridin-2-yl)-N-phenyl-4-(quinolin-4-yl)-1H-pyrazole-1-carbothioamide,CC1=NC(=CC=C1)C2=NN(C=C2C3=CC=NC4=CC=CC=C34)C(=S)NC5=CC=CC=C5
DR14066,16224745,"6-bromo-3-(1-methyl-1H-pyrazol-4-yl)-5-(piperidin-3-yl)pyrazolo[1,5-a]pyrimidin-7-amine",CN1C=C(C=N1)C2=C3N=C(C(=C(N3N=C2)N)Br)C4CCCNC4
DR14071,16654980,Buparlisib,C1COCCN1C2=NC(=NC(=C2)C3=CN=C(C=C3C(F)(F)F)N)N4CCOCC4
DR14073,16659841,"(S)-5-chloro-N2-(1-(5-fluoropyrimidin-2-yl)ethyl)-N4-(5-methyl-1H-pyrazol-3-yl)pyrimidine-2,4-diamine",CC1=CC(=NN1)NC2=NC(=NC=C2Cl)N[C@@H](C)C3=NC=C(C=N3)F
DR14074,16663089,"1-(4-Amino-7-(3-hydroxypropyl)-5-(p-tolyl)-7h-pyrrolo[2,3-d]pyrimidin-6-yl)-2-chloroethanone",CC1=CC=C(C=C1)C2=C(N(C3=NC=NC(=C23)N)CCCO)C(=O)CCl
DR14078,16681698,Obatoclax mesylate,CC1=CC(=C(N1)/C=C\\2/C(=C/C(=C/3\\C=C4C=CC=CC4=N3)/N2)OC)C.CS(=O)(=O)O
DR14213,16720766,Pevonedistat,C1CC2=CC=CC=C2[C@H]1NC3=C4C=CN(C4=NC=N3)[C@@H]5C[C@H]([C@H](C5)O)COS(=O)(=O)N
DR14216,16722836,Fedratinib,CC1=CN=C(N=C1NC2=CC(=CC=C2)S(=O)(=O)NC(C)(C)C)NC3=CC=C(C=C3)OCCN4CCCC4
DR14217,16725726,"(S)-4-(2-(4-Amino-1,2,5-oxadiazol-3-yl)-1-ethyl-7-(piperidin-3-ylmethoxy)-1H-imidazo[4,5-c]pyridin-4-yl)-2-methylbut-3-yn-2-ol",CCN1C2=C(C(=NC=C2OC[C@H]3CCCNC3)C#CC(C)(C)O)N=C1C4=NON=C4N
DR14219,16732433,"2-(6-(4-(2-Chloro-5-fluorophenoxy)piperidin-1-yl)pyridazin-3-yl)-5-methyl-1,3,4-oxadiazole",CC1=NN=C(O1)C2=NN=C(C=C2)N3CCC(CC3)OC4=C(C=CC(=C4)F)Cl
DR14228,16747388,"4-methyl-3-(1-methyl-6-(pyridin-3-yl)-1H-pyrazolo[3,4-d]pyrimidin-4-ylamino)-N-(3-(trifluoromethyl)phenyl)benzamide",CC1=C(C=C(C=C1)C(=O)NC2=CC=CC(=C2)C(F)(F)F)NC3=C4C=NN(C4=NC(=N3)C5=CN=CC=C5)C
DR14229,16747683,4-(1-isopropyl-2-methyl-1H-imidazol-5-yl)-N-(4-(methylsulfonyl)phenyl)pyrimidin-2-amine,CC1=NC=C(N1C(C)C)C2=NC(=NC=C2)NC3=CC=C(C=C3)S(=O)(=O)C
DR14232,16760646,Cbz-D-Leu-Leu-DL-Nle-al,CCCCC(C=O)NC(=O)[C@H](CC(C)C)NC(=O)[C@@H](CC(C)C)NC(=O)OCC1=CC=CC=C1
DR14245,17755052,Pictilisib,CS(=O)(=O)N1CCN(CC1)CC2=CC3=C(S2)C(=NC(=N3)C4=C5C=NNC5=CC=C4)N6CCOCC6
DR14378,23582824,"(Z)-5-((4-(pyridin-4-yl)quinolin-6-yl)methylene)thiazolidine-2,4-dione",C1=CC2=NC=CC(=C2C=C1/C=C\\3/C(=O)NC(=O)S3)C4=CC=NC=C4
DR14392,23635314,N-benzyl-2-(5-(4-(2-morpholinoethoxy)phenyl)pyridin-2-yl)acetamide,C1COCCN1CCOC2=CC=C(C=C2)C3=CN=C(C=C3)CC(=O)NCC4=CC=CC=C4
DR14422,23725625,Olaparib,C1CC1C(=O)N2CCN(CC2)C(=O)C3=C(C=CC(=C3)CC4=NNC(=O)C5=CC=CC=C54)F
DR14426,24180719,"N-(3-(5-chloro-1H-pyrrolo[2,3-b]pyridine-3-carbonyl)-2,4-difluorophenyl)propane-1-sulfonamide",CCCS(=O)(=O)NC1=C(C(=C(C=C1)F)C(=O)C2=CNC3=C2C=C(C=N3)Cl)F
DR15288,24737642,"(2S)-N-[(1S)-1-cyclohexyl-2-[(2S)-2-[4-(4-fluorobenzoyl)-1,3-thiazol-2-yl]pyrrolidin-1-yl]-2-oxoethyl]-2-(methylamino)propanamide",C[C@@H](C(=O)N[C@@H](C1CCCCC1)C(=O)N2CCC[C@H]2C3=NC(=CS3)C(=O)C4=CC=C(C=C4)F)NC
DR15289,24739943,Allitinib,C=CC(=O)NC1=CC2=C(C=C1)N=CN=C2NC3=CC(=C(C=C3)OCC4=CC(=CC=C4)F)Cl
DR15292,24748573,Silmitasertib,C1=CC(=CC(=C1)Cl)NC2=NC3=C(C=CC(=C3)C(=O)O)C4=C2C=CN=C4
DR15293,24753719,N-hydroxy-1-(4-methoxybenzyl)-1H-indole-6-carboxamide,COC1=CC=C(C=C1)CN2C=CC3=C2C=C(C=C3)C(=O)NO
DR15295,24756910,Cudc-101,COC1=C(C=C2C(=C1)N=CN=C2NC3=CC=CC(=C3)C#C)OCCCCCCC(=O)NO
DR15303,24770514,"6,8-Bis(benzylthio)octanoic acid",C1=CC=C(C=C1)CSCCC(CCCCC(=O)O)SCC2=CC=CC=C2
DR15305,24771867,Alisertib,COC1=C(C(=CC=C1)F)C2=NCC3=CN=C(N=C3C4=C2C=C(C=C4)Cl)NC5=CC(=C(C=C5)C(=O)O)OC
DR15306,24772043,Tenovin-6,CC(C)(C)C1=CC=C(C=C1)C(=O)NC(=S)NC2=CC=C(C=C2)NC(=O)CCCCN(C)C
DR15307,24772860,"4-(6,6-dimethyl-4-oxo-3-(trifluoromethyl)-4,5,6,7-tetrahydro-1H-indazol-1-yl)-2-((1r,4r)-4-hydroxycyclohexylamino)benzamide",CC1(CC2=C(C(=O)C1)C(=NN2C3=CC(=C(C=C3)C(=O)N)NC4CCC(CC4)O)C(F)(F)F)C
DR15308,24775005,Sonidegib,C[C@@H]1CN(C[C@@H](O1)C)C2=NC=C(C=C2)NC(=O)C3=CC=CC(=C3C)C4=CC=C(C=C4)OC(F)(F)F
DR15309,24776445,Vismodegib,CS(=O)(=O)C1=CC(=C(C=C1)C(=O)NC2=CC(=C(C=C2)Cl)C3=CC=CC=N3)Cl
DR15310,24779724,Sgx-523,CN1C=C(C=N1)C2=NN3C(=NN=C3SC4=CC5=C(C=C4)N=CC=C5)C=C2
DR15314,24785538,Bms-754807,C[C@]1(CCCN1C2=NN3C=CC=C3C(=N2)NC4=NNC(=C4)C5CC5)C(=O)NC6=CN=C(C=C6)F
DR15315,24788740,Ipatasertib,C[C@@H]1C[C@H](C2=C1C(=NC=N2)N3CCN(CC3)C(=O)[C@H](CNC(C)C)C4=CC=C(C=C4)Cl)O
DR15318,24797083,Marinopyrrole A,C1=CC=C(C(=C1)C(=O)C2=CC(=C(N2C3=C(NC(=C3Cl)Cl)C(=O)C4=CC=CC=C4O)Cl)Cl)O
DR15323,24821094,Ibrutinib,C=CC(=O)N1CCC[C@H](C1)N2C3=NC=NC(=C3C(=N2)C4=CC=C(C=C4)OC5=CC=CC=C5)N
DR15324,24825971,Cdk4/6 Inhibitor IV,CCNC1=CC(=NC(=N1)NC2=CC3=C(C=C2)N(C=C3)CC4=CC=CC=C4)NC5CCC(CC5)O
DR15325,24826799,Ponatinib,CC1=C(C=C(C=C1)C(=O)NC2=CC(=C(C=C2)CN3CCN(CC3)C)C(F)(F)F)C#CC4=CN=C5N4N=CC=C5
DR15328,24856436,Adavosertib,CC(C)(C1=NC(=CC=C1)N2C3=NC(=NC=C3C(=O)N2CC=C)NC4=CC=C(C=C4)N5CCN(CC5)C)O
DR15333,24866313,(R)-1-(2-oxo-2-(4-(4-(pyrimidin-2-yl)phenyl)piperazin-1-yl)ethyl)-N-(3-(pyridin-4-yl)-1H-indazol-5-yl)pyrrolidine-3-carboxamide,C1CN(C[C@@H]1C(=O)NC2=CC3=C(C=C2)NN=C3C4=CC=NC=C4)CC(=O)N5CCN(CC5)C6=CC=C(C=C6)C7=NC=CC=N7
DR15341,24889392,Quizartinib,CC(C)(C)C1=CC(=NO1)NC(=O)NC2=CC=C(C=C2)C3=CN4C5=C(C=C(C=C5)OCCN6CCOCC6)SC4=N3
DR15344,24901704,"N-(3-fluoro-4-(2-(1-methyl-1H-imidazol-4-yl)thieno[3,2-b]pyridin-7-yloxy)phenylcarbamothioyl)-2-phenylacetamide",CN1C=C(N=C1)C2=CC3=NC=CC(=C3S2)OC4=C(C=C(C=C4)NC(=S)NC(=O)CC5=CC=CC=C5)F
DR15345,24905401,(S)-1-(4-(1H-Pyrazol-4-yl)phenyl)-2-amino-1-(4-chlorophenyl)ethanol,C1=CC(=CC=C1C2=CNN=C2)[C@@](CN)(C3=CC=C(C=C3)Cl)O
DR15350,24951314,tert-Butyl (4-(3-((7-(hydroxyamino)-7-oxoheptyl)carbamoyl)isoxazol-5-yl)phenyl)carbamate,CC(C)(C)OC(=O)NC1=CC=C(C=C1)C2=CC(=NO2)C(=O)NCCCCCCC(=O)NO
DR15351,24958200,Niraparib,C1C[C@H](CNC1)C2=CC=C(C=C2)N3C=C4C=CC=C(C4=N3)C(=O)N
DR15353,24964624,MK-2206,C1CC(C1)(C2=CC=C(C=C2)C3=C(C=C4C(=N3)C=CN5C4=NNC5=O)C6=CC=CC=C6)N
DR15354,24978538,Navitoclax,CC1(CCC(=C(C1)CN2CCN(CC2)C3=CC=C(C=C3)C(=O)NS(=O)(=O)C4=CC(=C(C=C4)N[C@H](CCN5CCOCC5)CSC6=CC=CC=C6)S(=O)(=O)C(F)(F)F)C7=CC=C(C=C7)Cl)C
DR15360,25022340,Xevinapant,C[C@@H](C(=O)N[C@H]1CN(CC[C@H]2CC[C@H](N2C1=O)C(=O)NC(C3=CC=CC=C3)C4=CC=CC=C4)C(=O)CC(C)C)NC
DR15361,25022668,"2-cyclopentyl-4-(5-phenyl-1H-pyrrolo[2,3-b]pyridin-3-yl)benzoic acid",C1CCC(C1)C2=C(C=CC(=C2)C3=CNC4=C3C=C(C=N4)C5=CC=CC=C5)C(=O)O
DR15374,25062766,Momelotinib,C1COCCN1C2=CC=C(C=C2)NC3=NC=CC(=N3)C4=CC=C(C=C4)C(=O)NCC#N
DR15379,25099184,(S)-5-Fluoro-2-(1-(4-fluorophenyl)ethylamino)-6-(5-methyl-1H-pyrazol-3-ylamino)nicotinonitrile,CC1=CC(=NN1)NC2=C(C=C(C(=N2)N[C@@H](C)C3=CC=C(C=C3)F)C#N)F
DR15380,25102847,Cabozantinib,COC1=CC2=C(C=CN=C2C=C1OC)OC3=CC=C(C=C3)NC(=O)C4(CC4)C(=O)NC5=CC=C(C=C5)F
DR15390,25124816,"N-(2,6-Difluorophenyl)-5-[3-[2-[[5-ethyl-2-(methyloxy)-4-[4-[4-(methylsulfonyl)-1-piperazinyl]-1-piperidinyl]phenyl]amino]-4-pyrimidinyl]imidazo[1,2-a]pyridin-2-yl]-2-(methyloxy)benzamide",CCC1=CC(=C(C=C1N2CCC(CC2)N3CCN(CC3)S(=O)(=O)C)OC)NC4=NC=CC(=N4)C5=C(N=C6N5C=CC=C6)C7=CC(=C(C=C7)OC)C(=O)NC8=C(C=CC=C8F)F
DR15391,25126798,Ruxolitinib,C1CCC(C1)[C@@H](CC#N)N2C=C(C=N2)C3=C4C=CNC4=NC=N3
DR15399,25150857,"N-(1-benzylpiperidin-4-yl)-6,7-dimethoxy-2-(4-methyl-1,4-diazepan-1-yl)quinazolin-4-amine",CN1CCCN(CC1)C2=NC3=CC(=C(C=C3C(=N2)NC4CCN(CC4)CC5=CC=CC=C5)OC)OC
DR15400,25161177,(r)-2-(1-(6-Amino-5-chloropyrimidine-4-carboxamido)ethyl)-n-(5-chloro-4-(trifluoromethyl)pyridin-2-yl)thiazole-5-carboxamide,C[C@H](C1=NC=C(S1)C(=O)NC2=NC=C(C(=C2)C(F)(F)F)Cl)NC(=O)C3=C(C(=NC=N3)N)Cl
DR15402,25167777,Omipalisib,COC1=C(C=C(C=N1)C2=CC3=C(C=CN=C3C=C2)C4=CN=NC=C4)NS(=O)(=O)C5=C(C=C(C=C5)F)F
DR15408,25183872,Ixazomib,B([C@H](CC(C)C)NC(=O)CNC(=O)C1=C(C=CC(=C1)Cl)Cl)(O)O
DR15410,25195294,"4-(6-(4-(Piperazin-1-yl)phenyl)pyrazolo[1,5-a]pyrimidin-3-yl)quinoline",C1CN(CCN1)C2=CC=C(C=C2)C3=CN4C(=C(C=N4)C5=CC=NC6=CC=CC=C56)N=C3
DR15431,25222038,"N-[(2z)-4-(3-Fluoro-5-Morpholin-4-Ylphenyl)pyrimidin-2(1h)-Ylidene]-4-(3-Morpholin-4-Yl-1h-1,2,4-Triazol-1-Yl)aniline",C1COCCN1C2=CC(=CC(=C2)C3=NC(=NC=C3)NC4=CC=C(C=C4)N5C=NC(=N5)N6CCOCC6)F
DR15432,25227436,Capivasertib,C1CN(CCC1(C(=O)N[C@@H](CCO)C2=CC=C(C=C2)Cl)N)C3=NC=NC4=C3C=CN4
DR15433,25227462,"N-((1S)-2-(Dimethylamino)-1-phenylethyl)-6,6-dimethyl-3-((2-methylthieno(3,2-d)pyrimidin-4-yl)amino)-4,6-dihydropyrrolo(3,4-C)pyrazole-5(1H)-carboxamide",CC1=NC2=C(C(=N1)NC3=NNC4=C3CN(C4(C)C)C(=O)N[C@H](CN(C)C)C5=CC=CC=C5)SC=C2
DR15434,25227847,Pyridostatin,C1=CC=C2C(=C1)C(=CC(=N2)NC(=O)C3=CC(=CC(=N3)C(=O)NC4=NC5=CC=CC=C5C(=C4)OCCN)OCCN)OCCN
DR15435,25254071,Apitolisib,CC1=C(SC2=C1N=C(N=C2N3CCOCC3)C4=CN=C(N=C4)N)CN5CCN(CC5)C(=O)[C@H](C)O
DR15437,25257557,"2-(4-methyl-1,4-diazepan-1-yl)-N-((5-methylpyrazin-2-yl)methyl)-5-oxo-5H-benzo[4,5]thiazolo[3,2-a][1,8]naphthyridine-6-carboxamide",CC1=CN=C(C=N1)CNC(=O)C2=C3N(C4=CC=CC=C4S3)C5=C(C2=O)C=CC(=N5)N6CCCN(CC6)C
DR15438,25260757,"N-[4-[1-(1,4-Dioxaspiro[4.5]dec-8-yl)-4-(8-oxa-3-azabicyclo[3.2.1]oct-3-yl)-1H-pyrazolo[3,4-d]pyrimidin-6-yl]phenyl]-N'-methylurea",CNC(=O)NC1=CC=C(C=C1)C2=NC3=C(C=NN3C4CCC5(CC4)OCCO5)C(=N2)N6CC7CCC(C6)O7
DR15439,25262792,Vistusertib,C[C@H]1COCCN1C2=NC(=NC3=C2C=CC(=N3)C4=CC(=CC=C4)C(=O)NC)N5CCOC[C@@H]5C
DR15440,25262965,"[5-[2,4-Bis((3S)-3-methylmorpholin-4-yl)pyrido[2,3-d]pyrimidin-7-yl]-2-methoxyphenyl]methanol",C[C@H]1COCCN1C2=NC(=NC3=C2C=CC(=N3)C4=CC(=C(C=C4)OC)CO)N5CCOC[C@@H]5C
DR15456,35397514,"4-Bromanyl-~{n}-(6-Methoxy-1,3-Dimethyl-2-Oxidanylidene-Benzimidazol-5-Yl)-2-Methyl-Benzenesulfonamide",CC1=C(C=CC(=C1)Br)S(=O)(=O)NC2=CC3=C(C=C2OC)N(C(=O)N3C)C
DR15460,42611257,Vemurafenib,CCCS(=O)(=O)NC1=C(C(=C(C=C1)F)C(=O)C2=CNC3=C2C=C(C=N3)C4=CC=C(C=C4)Cl)F
DR15463,42623951,"5-(2-Amino-8-fluoro-[1,2,4]triazolo[1,5-a]pyridin-6-yl)-N-tert-butylpyridine-3-sulfonamide",CC(C)(C)NS(=O)(=O)C1=CN=CC(=C1)C2=CN3C(=NC(=N3)N)C(=C2)F
DR15466,42642645,Foretinib,COC1=CC2=C(C=CN=C2C=C1OCCCN3CCOCC3)OC4=C(C=C(C=C4)NC(=O)C5(CC5)C(=O)NC6=CC=C(C=C6)F)F
DR15469,44137675,"2-[[(1R)-1-[7-Methyl-2-(4-morpholinyl)-4-oxo-4H-pyrido[1,2-a]pyrimidin-9-yl]ethyl]amino]benzoic acid",CC1=CN2C(=O)C=C(N=C2C(=C1)[C@@H](C)NC3=CC=CC=C3C(=O)O)N4CCOCC4
DR15475,44182295,Refametinib,COC1=CC(=C(C(=C1NS(=O)(=O)C2(CC2)C[C@@H](CO)O)NC3=C(C=C(C=C3)I)F)F)F
DR15484,44224257,Filanesib,CN(C(=O)N1[C@](SC(=N1)C2=C(C=CC(=C2)F)F)(CCCN)C3=CC=CC=C3)OC
DR15527,44462758,"2-[[(1R,2S)-2-aminocyclohexyl]amino]-4-[3-(triazol-2-yl)anilino]pyrimidine-5-carboxamide",C1CC[C@H]([C@H](C1)N)NC2=NC=C(C(=N2)NC3=CC(=CC=C3)N4N=CC=N4)C(=O)N
DR15528,44462760,Dabrafenib,CC(C)(C)C1=NC(=C(S1)C2=NC(=NC=C2)N)C3=C(C(=CC=C3)NS(=O)(=O)C4=C(C=CC=C4F)F)F
DR15536,44551660,"1-(6,7-dimethoxyquinazolin-4-yl)-3-(pyridin-2-yl)-1H-1,2,4-triazol-5-amine",COC1=C(C=C2C(=C1)C(=NC=N2)N3C(=NC(=N3)C4=CC=CC=N4)N)OC
DR15547,44601455,N'-hydroxy-N-[(E)-[4-(N-phenylanilino)phenyl]methylideneamino]octanediamide,C1=CC=C(C=C1)N(C2=CC=CC=C2)C3=CC=C(C=C3)/C=N/NC(=O)CCCCCCC(=O)NO
DR15549,44607531,N-(3-((5-chloro-2-((4-(4-methylpiperazin-1-yl)phenyl)amino)pyrimidin-4-yl)thio)phenyl)acrylamide,CN1CCN(CC1)C2=CC=C(C=C2)NC3=NC=C(C(=N3)SC4=CC=CC(=C4)NC(=O)C=C)Cl
DR15550,44631912,Ribociclib,CN(C)C(=O)C1=CC2=CN=C(N=C2N1C3CCCC3)NC4=NC=C(C=C4)N5CCNCC5
DR15551,44632017,"4,7-dichloro-3-hydroxy-3-[2-(4-methoxyphenyl)-2-oxoethyl]-1H-indol-2-one",COC1=CC=C(C=C1)C(=O)CC2(C3=C(C=CC(=C3NC2=O)Cl)Cl)O
DR15553,44819697,N-(2-phenylphenyl)-8-(4-pyridin-3-yltriazol-1-yl)octanamide,C1=CC=C(C=C1)C2=CC=CC=C2NC(=O)CCCCCCCN3C=C(N=N3)C4=CN=CC=C4
DR15916,45258277,"3,4-Dihydro-9-hydroxy-[1]benzothieno[2,3-f]-1,4-thiazepin-5(2H)-one",C1CSC2=C(C(=O)N1)SC3=C2C=C(C=C3)O
DR15924,46006640,RU-Ski 43,CCC(C)CNCC(=O)N1CCC2=C(C1COC3=CC=CC(=C3)C)C=CS2
DR15928,46191454,"N-(6,6-dimethyl-5-(1-methylpiperidine-4-carbonyl)-1,4,5,6-tetrahydropyrrolo[3,4-c]pyrazol-3-yl)-3-methylbutanamide",CC(C)CC(=O)NC1=NNC2=C1CN(C2(C)C)C(=O)C3CCN(CC3)C
DR15937,46215462,Bemcentinib,C1CCN(C1)[C@H]2CCC3=C(CC2)C=C(C=C3)NC4=NN(C(=N4)N)C5=NN=C6C(=C5)CCCC7=CC=CC=C76
DR15940,46224516,2-Cyclohexyl-N-(1-isopropylpiperidin-4-yl)-6-methoxy-7-(3-(pyrrolidin-1-yl)propoxy)quinazolin-4-amine,CC(C)N1CCC(CC1)NC2=NC(=NC3=CC(=C(C=C32)OC)OCCCN4CCCC4)C5CCCCC5
DR15946,46236925,Sabutoclax,CC1=CC2=C(C(=C(C=C2C(=C1C3=C(C4=CC(=C(C(=C4C=C3C)C(=O)NC[C@H](C)C5=CC=CC=C5)O)O)O)O)O)O)C(=O)NC[C@H](C)C6=CC=CC=C6
DR15950,46244454,(3R)-4-[2-(1H-indol-4-yl)-6-(1-methylsulfonylcyclopropyl)pyrimidin-4-yl]-3-methylmorpholine,C[C@@H]1COCCN1C2=NC(=NC(=C2)C3(CC3)S(=O)(=O)C)C4=C5C=CNC5=CC=C4
DR15959,46843057,Afuresertib,CN1C(=C(C=N1)Cl)C2=C(SC(=C2)C(=O)N[C@@H](CC3=CC(=CC=C3)F)CN)Cl
DR15960,46843772,"2-{[2-ethoxy-4-(4-hydroxypiperidin-1-yl)phenyl]amino}-5,11-dimethyl-5,11-dihydro-6H-pyrimido[4,5-b][1,4]benzodiazepin-6-one",CCOC1=C(C=CC(=C1)N2CCC(CC2)O)NC3=NC=C4C(=N3)N(C5=CC=CC=C5C(=O)N4C)C
DR15961,46844147,Erk5-IN-1,CN1CCN(CC1)C2=CC(=C(C=C2)NC3=NC=C4C(=N3)N(C5=CC=CC=C5C(=O)N4C)C)OC
DR15973,46883536,Avagacestat,C1=CC(=CC=C1S(=O)(=O)N(CC2=C(C=C(C=C2)C3=NOC=N3)F)[C@H](CCC(F)(F)F)C(=O)N)Cl
DR15977,46885626,"3-(4-(4-(2-(3-((dimethylamino)methyl)phenyl)-1H-pyrrolo[2,3-b]pyridin-4-yl)-1-ethyl-1H-pyrazol-3-yl)phenyl)-1,1-dimethylurea",CCN1C=C(C(=N1)C2=CC=C(C=C2)NC(=O)N(C)C)C3=C4C=C(NC4=NC=C3)C5=CC=CC(=C5)CN(C)C
DR15979,46893585,"1-(4-(2-(4-(1-(3-(Trifluoromethyl)-7,8-dihydro-[1,2,4]triazolo[4,3-b]pyridazin-6-yl)piperidin-4-yl)phenoxy)ethyl)piperazin-1-yl)ethanone",CC(=O)N1CCN(CC1)CCOC2=CC=C(C=C2)C3CCN(CC3)C4=NN5C(=NN=C5C(F)(F)F)CC4
DR15981,46907787,"(S)-(+)-tert-Butyl 2-(4-(4-chlorophenyl)-2,3,9-trimethyl-6H-thieno(3,2-f)(1,2,4)triazolo(4,3-a)(1,4)diazepin-6-yl)acetate",CC1=C(SC2=C1C(=N[C@H](C3=NN=C(N32)C)CC(=O)OC(C)(C)C)C4=CC=C(C=C4)Cl)C
DR15984,46911863,Jnj-38877605,CN1C=C(C=N1)C2=NN3C(=NN=C3C(C4=CC5=C(C=C4)N=CC=C5)(F)F)C=C2
DR15991,46926350,Dinaciclib,CCC1=C2N=C(C=C(N2N=C1)NCC3=C[N+](=CC=C3)[O-])N4CCCC[C@H]4CCO
DR15992,46926973,"2-(2',3-Dimethyl-[2,4'-bipyridin]-5-yl)-N-(5-(pyrazin-2-yl)pyridin-2-yl)acetamide",CC1=CC(=CN=C1C2=CC(=NC=C2)C)CC(=O)NC3=NC=C(C=C3)C4=NC=CN=C4
DR15993,46931953,"1-[5-(2,4-Difluoro-phenylsulfanyl)-4-nitro-thiophen-2-yl]-ethanone",CC(=O)C1=CC(=C(S1)SC2=C(C=C(C=C2)F)F)[N+](=O)[O-]
DR15995,46943432,"2-[(4s)-6-(4-Chlorophenyl)-8-Methoxy-1-Methyl-4h-[1,2,4]triazolo[4,3-A][1,4]benzodiazepin-4-Yl]-N-Ethylacetamide",CCNC(=O)C[C@H]1C2=NN=C(N2C3=C(C=C(C=C3)OC)C(=N1)C4=CC=C(C=C4)Cl)C
DR15997,49766530,"[4-[Bis(4-chlorophenyl)methyl]piperazin-1-yl]-(5-methyl-4-nitro-1,2-oxazol-3-yl)methanone",CC1=C(C(=NO1)C(=O)N2CCN(CC2)C(C3=CC=C(C=C3)Cl)C4=CC=C(C=C4)Cl)[N+](=O)[O-]
DR16005,49806720,Alectinib,CCC1=CC2=C(C=C1N3CCC(CC3)N4CCOCC4)C(C5=C(C2=O)C6=C(N5)C=C(C=C6)C#N)(C)C
DR16006,49831044,"5-chloro-N2-(1-(5-fluoropyridin-2-yl)ethyl)-N4-(5-isopropoxy-1H-pyrazol-3-yl)pyrimidine-2,4-diamine",CC(C)OC1=NNC(=C1)NC2=NC(=NC=C2Cl)NC(C)C3=NC=C(C=C3)F
DR16008,49836020,Birinapant,CC[C@@H](C(=O)N1C[C@H](C[C@H]1CC2=C(NC3=C2C=CC(=C3)F)C4=C(C5=C(N4)C=C(C=C5)F)C[C@@H]6C[C@@H](CN6C(=O)[C@H](CC)NC(=O)[C@H](C)NC)O)O)NC(=O)[C@H](C)NC
DR16009,49836027,Torin 1,CCC(=O)N1CCN(CC1)C2=C(C=C(C=C2)N3C(=O)C=CC4=CN=C5C=CC(=CC5=C43)C6=CC7=CC=CC=C7N=C6)C(F)(F)F
DR16013,49846579,Venetoclax,CC1(CCC(=C(C1)C2=CC=C(C=C2)Cl)CN3CCN(CC3)C4=CC(=C(C=C4)C(=O)NS(=O)(=O)C5=CC(=C(C=C5)NCC6CCOCC6)[N+](=O)[O-])OC7=CN=C8C(=C7)C=CN8)C
DR16014,49847690,"(2S)-1-[(2S)-2-cyclohexyl-2-[[(2S)-2-(methylamino)propanoyl]amino]acetyl]-N-[(1S,2R)-2-[6-[[(1S,2R)-1-[[(2S)-1-[(2S)-2-cyclohexyl-2-[[(2S)-2-(methylamino)propanoyl]amino]acetyl]pyrrolidine-2-carbonyl]amino]-2,3-dihydro-1H-inden-2-yl]oxy]hexa-2,4-diynoxy]-2,3-dihydro-1H-inden-1-yl]pyrrolidine-2-carboxamide",C[C@@H](C(=O)N[C@@H](C1CCCCC1)C(=O)N2CCC[C@H]2C(=O)N[C@@H]3[C@@H](CC4=CC=CC=C34)OCC#CC#CCO[C@@H]5CC6=CC=CC=C6[C@@H]5NC(=O)[C@@H]7CCCN7C(=O)[C@H](C8CCCCC8)NC(=O)[C@H](C)NC)NC
DR16015,49850262,Tubastatin A,CN1CCC2=C(C1)C3=CC=CC=C3N2CC4=CC=C(C=C4)C(=O)NO
DR16027,49867937,(R)-N-(3-aminopropyl)-N-(1-(3-benzyl-7-chloro-4-oxo-4H-chromen-2-yl)-2-methylpropyl)-4-methylbenzamide hydrochloride,CC1=CC=C(C=C1)C(=O)N(CCCN)[C@@H](C2=C(C(=O)C3=C(O2)C=C(C=C3)Cl)CC4=CC=CC=C4)C(C)C.Cl
DR16044,51000408,3-Amino-6-(4-(methylsulfonyl)phenyl)-N-phenylpyrazine-2-carboxamide,CS(=O)(=O)C1=CC=C(C=C1)C2=CN=C(C(=N2)C(=O)NC3=CC=CC=C3)N
DR16045,51001932,Taselisib,CC1=NN(C(=N1)C2=CN3CCOC4=C(C3=N2)C=CC(=C4)C5=CN(N=C5)C(C)(C)C(=O)N)C(C)C
DR16049,51039095,Azd-4547,C[C@@H]1CN(C[C@@H](N1)C)C2=CC=C(C=C2)C(=O)NC3=NNC(=C3)CCC4=CC(=CC(=C4)OC)OC
DR16050,51042438,Uprosertib,CN1C(=C(C=N1)Cl)C2=C(OC(=C2)C(=O)N[C@@H](CC3=CC(=C(C=C3)F)F)CN)Cl
DR16056,51358113,Torin 2,C1=CC(=CC(=C1)N2C(=O)C=CC3=CN=C4C=CC(=CC4=C32)C5=CN=C(C=C5)N)C(F)(F)F
DR16059,51371303,2-{[4-(5-Ethylpyrimidin-4-Yl)piperazin-1-Yl]methyl}-5-(Trifluoromethyl)-1h-Benzimidazole,CCC1=CN=CN=C1N2CCN(CC2)CC3=NC4=C(N3)C=C(C=C4)C(F)(F)F
DR16061,52912189,"7-(3,5-Dimethylisoxazol-4-yl)-8-methoxy-1-((R)-1-(pyridin-2-yl)ethyl)-1H-imidazo[4,5-c]quinolin-2(3H)-one",CC1=C(C(=NO1)C)C2=C(C=C3C(=C2)N=CC4=C3N(C(=O)N4)[C@H](C)C5=CC=CC=N5)OC
DR16063,52913813,"(R)-8-(1-((3,5-difluorophenyl)amino)ethyl)-N,N-dimethyl-2-morpholino-4-oxo-4H-chromene-6-carboxamide",C[C@H](C1=CC(=CC2=C1OC(=CC2=O)N3CCOCC3)C(=O)N(C)C)NC4=CC(=CC(=C4)F)F
DR16064,52918385,Prima-1met,COCC1(C(=O)C2CCN1CC2)CO
DR16075,53302361,"(E)-N-(4-((4-Ethylpiperazin-1-yl)methyl)-3-(trifluoromethyl)phenyl)-3-(2-(4-methoxy-1H-pyrrolo[2,3-b]pyridin-5-yl)vinyl)-4-methylbenzamide",CCN1CCN(CC1)CC2=C(C=C(C=C2)NC(=O)C3=CC(=C(C=C3)C)/C=C/C4=CN=C5C(=C4OC)C=CN5)C(F)(F)F
DR16078,53315878,"2-(4,4-difluoropiperidin-1-yl)-6-methoxy-N-(1-propan-2-ylpiperidin-4-yl)-7-(3-pyrrolidin-1-ylpropoxy)quinazolin-4-amine",CC(C)N1CCC(CC1)NC2=NC(=NC3=CC(=C(C=C32)OC)OCCCN4CCCC4)N5CCC(CC5)(F)F
DR16087,53340664,"N-[4-[(4-ethylpiperazin-1-yl)methyl]-3-(trifluoromethyl)phenyl]-4-methyl-3-(1H-pyrrolo[2,3-b]pyridin-4-yloxy)benzamide",CCN1CCN(CC1)CC2=C(C=C(C=C2)NC(=O)C3=CC(=C(C=C3)C)OC4=C5C=CNC5=NC=C4)C(F)(F)F
DR16088,53340666,Ricolinostat,C1=CC=C(C=C1)N(C2=CC=CC=C2)C3=NC=C(C=N3)C(=O)NCCCCCCC(=O)NO
DR16099,53392493,Methylstat,COC(=O)/C=C/C(=O)N(CCCCNCC1=CC=C(C=C1)COC(=O)NC2=CC=CC3=CC=CC=C32)O
DR16100,53413272,2-[Hydroxy(methoxy)phosphoryl]-2-methylpropanoate,CC(C)(C(=O)[O-])P(=O)(O)OC
DR16101,53469448,"1-(5-(4-amino-7-methyl-7H-pyrrolo[2,3-d]pyrimidin-5-yl)indolin-1-yl)-2-(3-(trifluoromethyl)phenyl)ethanone",CN1C=C(C2=C(N=CN=C21)N)C3=CC4=C(C=C3)N(CC4)C(=O)CC5=CC(=CC=C5)C(F)(F)F
DR16105,53495165,"propan-2-yl (Z)-3-[3-[3-methoxy-5-(trifluoromethyl)phenyl]-1,2,4-triazol-1-yl]prop-2-enoate",CC(C)OC(=O)/C=C\\N1C=NC(=N1)C2=CC(=CC(=C2)OC)C(F)(F)F
DR16543,54676905,"(Z)-2-cyano-N-(2,5-dibromophenyl)-3-hydroxybut-2-enamide",C/C(=C(\\C#N)/C(=O)NC1=C(C=CC(=C1)Br)Br)/O
DR16565,54685215,"2-(1-Benzyl-4-hydroxy-2-oxo-1,2-dihydroquinoline-3-carboxamido)acetic acid",C1=CC=C(C=C1)CN2C3=CC=CC=C3C(=C(C2=O)C(=O)NCC(=O)O)O
DR16609,54761306,Ceralasertib,C[C@@H]1COCCN1C2=NC(=NC(=C2)C3(CC3)[S@](=N)(=O)C)C4=C5C=CNC5=NC=C4
DR16611,56599306,Pilaralisib,CC(C)(C(=O)NC1=CC(=CC=C1)S(=O)(=O)NC2=NC3=CC=CC=C3N=C2NC4=C(C=CC(=C4)OC)Cl)N
DR16615,56645356,N-cyclohexyl-2-(N-(3-fluorophenyl)-2-(2-methyl-1H-imidazol-1-yl)acetamido)-2-(o-tolyl)acetamide,CC1=CC=CC=C1C(C(=O)NC2CCCCC2)N(C3=CC(=CC=C3)F)C(=O)CN4C=CN=C4C
DR16618,56649450,Alpelisib,CC1=C(SC(=N1)NC(=O)N2CCC[C@H]2C(=O)N)C3=CC(=NC=C3)C(C)(C)C(F)(F)F
DR16628,56941241,Brilanestrant,CC/C(=C(/C1=CC=C(C=C1)/C=C/C(=O)O)\\C2=CC3=C(C=C2)NN=C3)/C4=C(C=C(C=C4)F)Cl
DR16631,56949517,2-methyl-1-(2-methyl-3-(trifluoromethyl)benzyl)-6-morpholino-1H-benzo[d]imidazole-4-carboxylic acid,CC1=C(C=CC=C1C(F)(F)F)CN2C(=NC3=C(C=C(C=C32)N4CCOCC4)C(=O)O)C
DR16633,56962336,"1-(3-((((2R,3S,4R,5R)-5-(4-Amino-7H-pyrrolo[2,3-d]pyrimidin-7-yl)-3,4-dihydroxytetrahydrofuran-2-yl)methyl)(isopropyl)amino)propyl)-3-(4-(tert-butyl)phenyl)urea",CC(C)N(CCCNC(=O)NC1=CC=C(C=C1)C(C)(C)C)C[C@@H]2[C@H]([C@H]([C@@H](O2)N3C=CC4=C(N=CN=C43)N)O)O
DR16634,56962337,"1-(3-((((2R,3S,4R,5R)-5-(4-Amino-5-bromo-7H-pyrrolo[2,3-d]pyrimidin-7-yl)-3,4-dihydroxytetrahydrofuran-2-yl)methyl)(isopropyl)amino)propyl)-3-(4-(tert-butyl)phenyl)urea",CC(C)N(CCCNC(=O)NC1=CC=C(C=C1)C(C)(C)C)C[C@@H]2[C@H]([C@H]([C@@H](O2)N3C=C(C4=C(N=CN=C43)N)Br)O)O
DR16635,56965967,"PDK1 inhibitor, 7",C1=CC=C(C=C1)C(COC2=CC3=C(C=C2)NC(=O)N3)NC(=O)C4=CC=CN(C4=O)CC5=CC(=C(C=C5)F)F
DR16642,57339144,"(2-(Phenylamino)-1,4-phenylene)bis((4-(pyrrolidin-1-yl)piperidin-1-yl)methanone)",C1CCN(C1)C2CCN(CC2)C(=O)C3=CC(=C(C=C3)C(=O)N4CCC(CC4)N5CCCC5)NC6=CC=CC=C6
DR16643,57345410,Pinometostat,CC(C)N(C[C@@H]1[C@H]([C@H]([C@@H](O1)N2C=NC3=C(N=CN=C32)N)O)O)C4CC(C4)CCC5=NC6=C(N5)C=C(C=C6)C(C)(C)C
DR16667,57519544,2-(4-(2-methylpyridin-4-yl)phenyl)-N-(4-(pyridin-3-yl)phenyl)acetamide,CC1=NC=CC(=C1)C2=CC=C(C=C2)CC(=O)NC3=CC=C(C=C3)C4=CN=CC=C4
DR16675,58423153,"(R,Z)-5-((2-(3-aminopiperidin-1-yl)-[1,1'-biphenyl]-3-yl)methylene)thiazolidine-2,4-dione",C1C[C@H](CN(C1)C2=C(C=CC=C2C3=CC=CC=C3)/C=C\\4/C(=O)NC(=O)S4)N
DR16684,59472121,Berzosertib,CC(C)S(=O)(=O)C1=CC=C(C=C1)C2=CN=C(C(=N2)C3=CC(=NO3)C4=CC=C(C=C4)CNC)N
DR16685,59473233,Entospletinib,C1COCCN1C2=CC=C(C=C2)NC3=NC(=CN4C3=NC=C4)C5=CC6=C(C=C5)C=NN6
DR16811,60167849,"N-(4-(1H-1,2,3-triazol-1-yl)benzyl)-2-(2-isopropylphenyl)-5-methylpyrimidin-4-amine",CC1=CN=C(N=C1NCC2=CC=C(C=C2)N3C=CN=N3)C4=CC=CC=C4C(C)C
DR16814,66577038,Sphingosine Kinase 1 Inhibitor II,CC1=CC(=CC(=C1)OCC2=CC=C(C=C2)CN3CCC[C@@H]3CO)CS(=O)(=O)C4=CC=CC=C4
DR16817,67156097,Triazolothiadiazine,C1=C2C(=NN=N2)SN=N1
DR16823,68107965,2-(benzyloxy)-5-(2-fluoropyridin-4-yl)-N-(pyridin-3-yl)benzamide,C1=CC=C(C=C1)COC2=C(C=C(C=C2)C3=CC(=NC=C3)F)C(=O)NC4=CN=CC=C4
DR16825,68289010,Savolitinib,C[C@@H](C1=CN2C=CN=C2C=C1)N3C4=NC(=CN=C4N=N3)C5=CN(N=C5)C
DR16826,68947304,(S)-N-(1-(7-fluoro-2-(pyridin-2-yl)quinolin-3-yl)ethyl)-9H-purin-6-amine,C[C@@H](C1=C(N=C2C=C(C=CC2=C1)F)C3=CC=CC=N3)NC4=NC=NC5=C4NC=N5
DR16827,70676303,"5-(6-(3-Methoxyoxetan-3-yl)-4-morpholinothieno[3,2-d]pyrimidin-2-yl)pyrimidin-2-amine",CC1=C(SC2=C1N=C(N=C2N3CCOCC3)C4=CN=C(N=C4)N)C5(COC5)OC
DR16834,71268957,"1-isopropyl-N-((6-methyl-2-oxo-4-propyl-1,2-dihydropyridin-3-yl)methyl)-6-(2-(4-methylpiperazin-1-yl)pyridin-4-yl)-1H-indazole-4-carboxamide",CCCC1=C(C(=O)NC(=C1)C)CNC(=O)C2=C3C=NN(C3=CC(=C2)C4=CC(=NC=C4)N5CCN(CC5)C)C(C)C
DR16836,71271629,"2-Methoxy-N-(3-Methyl-2-Oxo-1,2,3,4-Tetrahydroquinazolin-6-Yl)benzenesulfonamide",CN1CC2=C(C=CC(=C2)NS(=O)(=O)C3=CC=CC=C3OC)NC1=O
DR16837,71297207,"5-[3-[4-(Aminomethyl)phenoxy]propyl]-2-[(8e)-8-(1,3-Benzothiazol-2-Ylhydrazinylidene)-6,7-Dihydro-5h-Naphthalen-2-Yl]-1,3-Thiazole-4-Carboxylic Acid",C1CC2=C(C=C(C=C2)C3=NC(=C(S3)CCCOC4=CC=C(C=C4)CN)C(=O)O)/C(=N/NC5=NC6=CC=CC=C6S5)/C1
DR16838,71299339,N-cyclopropyl-4-(thiophen-3-yl)-3-(3-(3-(trifluoromethyl)phenyl)ureido)benzenesulfonamide,C1CC1NS(=O)(=O)C2=CC(=C(C=C2)C3=CSC=C3)NC(=O)NC4=CC=CC(=C4)C(F)(F)F
DR16840,71496458,Osimertinib,CN1C=C(C2=CC=CC=C21)C3=NC(=NC=C3)NC4=C(C=C(C(=C4)NC(=O)C=C)N(C)CCN(C)C)OC
DR16859,71755761,4-[3-(piperidin-4-yl)-1H-pyrazol-5-yl]pyridine dihydrochloride,C1CNCCC1C2=CC(=NN2)C3=CC=NC=C3.Cl.Cl
DR16862,72200024,N-(3-((5-chloro-2-((2-methoxy-4-(4-methylpiperazin-1-yl)phenyl)amino)pyrimidin-4-yl)oxy)phenyl)propionamide,CCC(=O)NC1=CC(=CC=C1)OC2=NC(=NC=C2Cl)NC3=C(C=C(C=C3)N4CCN(CC4)C)OC
DR16876,73555129,K-Ras(G12C) inhibitor 12,C=CC(=O)N1CCN(CC1)C(=O)CNC2=CC(=C(C=C2O)Cl)I
DR16880,74053735,Cap 232; tln 232,CC(C(C(=O)N)NC(=O)C1CSSCC(C(=O)NC(C(=O)NC(C(=O)NC(C(=O)N1)CCCCN)CC2=CNC3=CC=CC=C32)CC4=CC=C(C=C4)O)NC(=O)C(CC5=CC=CC=C5)N)O
DR16882,76685059,"1-(4-(5-(5-Amino-6-(5-(tert-butyl)-1,3,4-oxadiazol-2-yl)pyrazin-2-yl)-1-ethyl-1H-1,2,4-triazol-3-yl)piperidin-1-yl)-3-hydroxypropan-1-one",CCN1C(=NC(=N1)C2CCN(CC2)C(=O)CCO)C3=CN=C(C(=N3)C4=NN=C(O4)C(C)(C)C)N
DR16885,77232197,1-[4-[[4-[(5-Cyclopentyl-1h-Pyrazol-3-Yl)amino]pyrimidin-2-Yl]amino]phenyl]-3-[3-(Trifluoromethyl)phenyl]urea,C1CCC(C1)C2=CC(=NN2)NC3=NC(=NC=C3)NC4=CC=C(C=C4)NC(=O)NC5=CC=CC(=C5)C(F)(F)F
DR16886,78209992,"(R)-4-((3-chloro-2-fluorophenyl)amino)-7-methoxyquinazolin-6-yl 2,4-dimethylpiperazine-1-carboxylate",C[C@@H]1CN(CCN1C(=O)OC2=C(C=C3C(=C2)C(=NC=N3)NC4=C(C(=CC=C4)Cl)F)OC)C
DR16887,78243717,"(E)-1-(2-hydroxyphenyl)-3-((1R,4R)-5-(pyridin-2-yl)-2,5-diazabicyclo[2.2.1]heptan-2-yl)prop-2-en-1-one",C1[C@@H]2CN([C@H]1CN2C3=CC=CC=N3)/C=C/C(=O)C4=CC=CC=C4O
DR16913,91668541,"N'-[1,1-Bis(Oxidanylidene)thian-4-Yl]-5-Ethyl-4-Oxidanylidene-7-[3-(Trifluoromethyl)phenyl]thieno[3,2-C]pyridine-2-Carboximidamide",CCN1C=C(C2=C(C1=O)C=C(S2)C(=NC3CCS(=O)(=O)CC3)N)C4=CC(=CC=C4)C(F)(F)F
DR16927,117072552,"2-(Cyclobutylamino)-N-[(2s)-3-(3,4-Dihydroisoquinolin-2(1h)-Yl)-2-Hydroxypropyl]pyridine-4-Carboxamide",C1CC(C1)NC2=NC=CC(=C2)C(=O)NC[C@@H](CN3CCC4=CC=CC=C4C3)O
DR16944,118693659,"(3~{r})-4-[2-[4-[1-(3-Methoxy-[1,2,4]triazolo[4,3-B]pyridazin-6-Yl)piperidin-4-Yl]phenoxy]ethyl]-1,3-Dimethyl-Piperazin-2-One",C[C@@H]1C(=O)N(CCN1CCOC2=CC=C(C=C2)C3CCN(CC3)C4=NN5C(=NN=C5OC)C=C4)C
DR16946,118704762,Lji308,C1COCCN1C2=CC=C(C=C2)C3=C(C=NC=C3)C4=CC(=C(C(=C4)F)O)F
DR16958,122388991,Ceranib-2,C1=CC=C(C=C1)C2=C(C(=O)NC3=CC=CC=C32)C(=O)/C=C/C4=CC=C(C=C4)O
DR16973,131634760,Unii-E3T5xxy9HX,CC1=C2C(=NN1C)CSCC3=NN(C(=C3)CSC4=CC5=CC=CC=C5C(=C4)OCCCC6=C(N(C7=C6C=CC(=C27)Cl)C)C(=O)O)C
DR16986,135398501,Akt inhibitor VIII,C1CN(CCC1N2C3=CC=CC=C3NC2=O)CC4=CC=C(C=C4)C5=C(N=C6C=C7C(=NC=N7)C=C6N5)C8=CC=CC=C8
DR16990,135398516,Osi-027,COC1=CC=CC2=C1NC(=C2)C3=C4C(=NC=NN4C(=N3)C5CCC(CC5)C(=O)O)N
DR16994,135398738,Dacarbazine,CN(C)/N=N/C1=C(NC=N1)C(=O)N
DR17002,135400873,"(5Z)-5-(quinolin-6-ylmethylidene)-2-[(thiophen-2-ylmethyl)amino]-1,3-thiazol-4(5H)-one",C1=CC2=C(C=CC(=C2)/C=C\\3/C(=O)NC(=NCC4=CC=CS4)S3)N=C1
DR17095,135410875,Pemetrexed,C1=CC(=CC=C1CCC2=CNC3=C2C(=O)NC(=N3)N)C(=O)N[C@@H](CCC(=O)O)C(=O)O
DR17110,135418940,"3,5,7,8-Tetrahydro-2-[4-(trifluoromethyl)phenyl]-4H-thiopyrano[4,3-d]pyrimidin-4-one",C1CSCC2=C1N=C(NC2=O)C3=CC=C(C=C3)C(F)(F)F
DR17115,135421197,Pac-1,C=CCC1=C(C(=CC=C1)/C=N/NC(=O)CN2CCN(CC2)CC3=CC=CC=C3)O
DR17116,135421339,"5-(2-(4-(2-(dimethylamino)ethoxy)phenyl)-5-(pyridin-4-yl)-1H-imidazol-4-yl)-2,3-dihydro-1H-inden-1-one oxime",CN(C)CCOC1=CC=C(C=C1)C2=NC(=C(N2)C3=CC=NC=C3)C4=CC5=C(C=C4)/C(=N/O)/CC5
DR17124,135423438,Nintedanib,CN1CCN(CC1)CC(=O)N(C)C2=CC=C(C=C2)N=C(C3=CC=CC=C3)C4=C(NC5=C4C=CC(=C5)C(=O)OC)O
DR17316,135440466,4-[[(2S)-2-(3-Chlorophenyl)-2-hydroxyethyl]amino]-3-[7-methyl-5-(4-morpholinyl)-1H-benzimidazol-2-yl]-2(1H)-pyridinone,CC1=CC(=CC2=C1N=C(N2)C3=C(C=CNC3=O)NC[C@H](C4=CC(=CC=C4)Cl)O)N5CCOCC5
DR17526,135499520,9-beta-d-Arabinofuranosylguanine,C1=NC2=C(N1[C@H]3[C@H]([C@@H]([C@H](O3)CO)O)O)N=C(NC2=O)N
DR17600,135539077,Luminespib,CCNC(=O)C1=NOC(=C1C2=CC=C(C=C2)CN3CCOCC3)C4=CC(=C(C=C4O)O)C(C)C
DR17626,135564749,Apabetalone,CC1=CC(=CC(=C1OCCO)C)C2=NC3=C(C(=CC(=C3)OC)OC)C(=O)N2
DR17628,135565082,Talazoparib,CN1C(=NC=N1)[C@@H]2[C@H](NC3=CC(=CC4=C3C2=NNC4=O)F)C5=CC=C(C=C5)F
DR17668,135611162,Dovitinib lactate,CC(C(=O)O)O.CN1CCN(CC1)C2=CC3=C(C=C2)N=C(N3)C4=C(C5=C(C=CC=C5F)NC4=O)N.O
DR17669,135659062,"(Z)-3-((3-((dimethylamino)methyl)phenylamino)(phenyl)methylene)-N,N-dimethyl-2-oxoindoline-6-carboxamide",CN(C)CC1=CC(=CC=C1)N=C(C2=CC=CC=C2)C3=C(NC4=C3C=CC(=C4)C(=O)N(C)C)O
DR17671,135691163,"4-((E)-(((E)-2-(Cyclohexylimino)-4-methylthiazol-3(2h)-yl)imino)methyl)benzene-1,2,3-triol",CC1=CSC(=NC2CCCCC2)N1/N=C/C3=C(C(=C(C=C3)O)O)O
DR17682,135905416,"2-(4-(6-((3R,5S)-3,5-dimethylpiperazin-1-yl)-4-methylpyridin-3-yl)phenyl)-7-methyl-3,7-dihydro-4H-pyrrolo[2,3-d]pyrimidin-4-one",C[C@@H]1CN(C[C@@H](N1)C)C2=NC=C(C(=C2)C)C3=CC=C(C=C3)C4=NC5=C(C=CN5C)C(=O)N4
DR19992,448949,6-Bromoindirubin-3'-oxime,C1=CC=C2C(=C1)C(=C(N2)C3=C(NC4=C3C=CC(=C4)Br)O)N=O
DR20666,81146,5-(benzyloxy)-1H-indole-2-carboxylic acid,C1=CC=C(C=C1)COC2=CC3=C(C=C2)NC(=C3)C(=O)O
DR21010,4705,"N-(3-bromophenyl)-6,7-dimethoxyquinazolin-4-amine",COC1=C(C=C2C(=C1)C(=NC=N2)NC3=CC(=CC=C3)Br)OC
DR21011,135411,6-[3-(1-Adamantyl)-4-hydroxyphenyl]-2-naphthalenecarboxylic Acid,C1C2CC3CC1CC(C2)(C3)C4=C(C=CC(=C4)C5=CC6=C(C=C5)C=C(C=C6)C(=O)O)O
DR21012,568763,"9H-Indeno[1,2-b][1,2,5]oxadiazolo[3,4-E]pyrazin-9-one",C1=CC=C2C(=C1)C3=NC4=NON=C4N=C3C2=O
DR21013,1242560,"N-(2,5-dimethoxyphenyl)sulfonyl-N-(4-methoxyphenyl)benzamide",COC1=CC=C(C=C1)N(C(=O)C2=CC=CC=C2)S(=O)(=O)C3=C(C=CC(=C3)OC)OC
DR21014,1566236,Necrosulfonamide,COC1=NC=CN=C1NS(=O)(=O)C2=CC=C(C=C2)NC(=O)/C=C/C3=CC=C(S3)[N+](=O)[O-]
DR21015,4259181,"N3-cyclopropyl-7-[(4-propan-2-ylphenyl)methyl]pyrrolo[3,2-f]quinazoline-1,3-diamine",CC(C)C1=CC=C(C=C1)CN2C=CC3=C2C=CC4=C3C(=NC(=N4)NC5CC5)N
DR21016,5702613,N-hexanoylsphingosine,CCCCCCCCCCCCC/C=C/[C@H]([C@H](CO)NC(=O)CCCCC)O
DR21017,6436223,bafilomycin A1,C[C@H]1C/C(=C/C=C/[C@@H]([C@H](OC(=O)/C(=C/C(=C/[C@H]([C@H]1O)C)/C)/OC)[C@@H](C)[C@H]([C@H](C)[C@]2(C[C@H]([C@@H]([C@H](O2)C(C)C)C)O)O)O)OC)/C
DR21018,6438330,Manumycin A,CCCC[C@@H](C)/C=C(\\C)/C=C(\\C)/C(=O)NC1=C[C@]([C@H]2[C@@H](C1=O)O2)(/C=C/C=C/C=C/C(=O)NC3=C(CCC3=O)O)O
DR21019,6438394,Myriocin,CCCCCCC(=O)CCCCCC/C=C/C[C@H]([C@@H]([C@@](CO)(C(=O)O)N)O)O
DR21021,9866186,3-Cl-AHPC,C1C2CC3CC1CC(C2)(C3)C4=C(C=CC(=C4)C5=C(C=C(C=C5)/C=C/C(=O)O)Cl)O
DR21022,10322450,"tert-Butyl 3-((3S,6S,12aS)-6-isobutyl-9-methoxy-1,4-dioxo-1,2,3,4,6,7,12,12a-octahydropyrazino[1',2':1,6]pyrido[3,4-b]indol-3-yl)propanoate",CC(C)C[C@H]1C2=C(C[C@@H]3N1C(=O)[C@@H](NC3=O)CCC(=O)OC(C)(C)C)C4=C(N2)C=C(C=C4)OC
DR21023,11214940,Erastin,CCOC1=CC=CC=C1N2C(=O)C3=CC=CC=C3N=C2C(C)N4CCN(CC4)C(=O)COC5=CC=C(C=C5)Cl
DR21024,11612883,"3,4-Dihydro-6-[[4-[[[3-(methylsulfonyl)phenyl]methyl]amino]-5-(trifluoromethyl)-2-pyrimidinyl]amino]-2(1H)-quinolinone",CS(=O)(=O)C1=CC=CC(=C1)CNC2=NC(=NC=C2C(F)(F)F)NC3=CC4=C(C=C3)NC(=O)CC4
DR21025,11719255,Avrainvillamide,CC1(C=CC2=C(O1)C=CC3=C2[N+](=C4C3=C[C@]56[C@H](C4(C)C)C[C@@]7(CCCN7C5=O)C(=O)N6)[O-])C
DR21026,11964036,2-(4-ethylpiperazin-1-yl)-N-[4-(2-morpholin-4-yl-4-oxochromen-8-yl)dibenzothiophen-1-yl]acetamide,CCN1CCN(CC1)CC(=O)NC2=C3C4=CC=CC=C4SC3=C(C=C2)C5=CC=CC6=C5OC(=CC6=O)N7CCOCC7
DR21028,13290751,"2,6-Dichloro-3-fluoropyridine",C1=CC(=NC(=C1F)Cl)Cl
DR21029,16736978,"(5-(2-((2R,6S)-2,6-dimethylmorpholino)-4-morpholinopyrido[2,3-d]pyrimidin-7-yl)-2-methoxyphenyl)methanol",C[C@@H]1CN(C[C@@H](O1)C)C2=NC3=C(C=CC(=N3)C4=CC(=C(C=C4)OC)CO)C(=N2)N5CCOCC5
DR21031,25195348,"5'-O-[(4-Cyanophenyl)methyl]-8-[[(3,4-dichlorophenyl)methyl]amino]-adenosine",C1=CC(=CC=C1COC[C@@H]2[C@H]([C@H]([C@@H](O2)N3C4=NC=NC(=C4N=C3NCC5=CC(=C(C=C5)Cl)Cl)N)O)O)C#N
DR21032,44566777,Avicin D,C[C@@H]1[C@@H]([C@@H]([C@H]([C@@H](O1)OC[C@@H]2[C@H]([C@@H]([C@H]([C@@H](O2)O[C@H]3CC[C@]4([C@H](C3(C)C)CC[C@@]5([C@@H]4CC=C6[C@]5(C[C@H]([C@@]7([C@H]6CC([C@H](C7)OC(=O)/C(=C/CC[C@](C)(C=C)O[C@H]8[C@@H]([C@H]([C@@H]([C@H](O8)C)OC(=O)/C(=C/CC[C@](C)(C=C)O)/CO)O)O)/CO)(C)C)C(=O)O[C@H]9[C@@H]([C@H]([C@@H]([C@H](O9)CO)O)O)O[C@H]1[C@@H]([C@@H]([C@H]([C@@H](O1)C)O[C@H]1[C@@H]([C@H]([C@@H](O1)CO)O)O)O[C@H]1[C@@H]([C@H]([C@@H]([C@H](O1)CO)O)O)O)O)O)C)C)C)NC(=O)C)O)O)O[C@H]1[C@@H]([C@H]([C@@H](CO1)O)O)O)O)O
DR21034,72199292,"2-methyl-2-(4-(2-oxo-9-(quinolin-3-yl)-2,4-dihydro-1H-[1,3]oxazino[5,4-c]quinolin-1-yl)phenyl)propanenitrile",CC(C)(C#N)C1=CC=C(C=C1)N2C3=C4C=C(C=CC4=NC=C3COC2=O)C5=CC6=CC=CC=C6N=C5
DR21035,135659046,N-{3-[(2-Hydroxy-naphthalen-1-ylmethylene)-amino]-phenyl}-2-phenyl-propionamide,CC(C1=CC=CC=C1)C(=O)NC2=CC(=CC=C2)N=CC3=C(C=CC4=CC=CC=C43)O
DR21036,1345,1-(2-Chlorophenyl)-N-methyl-N-(1-methylpropyl)-3-isoquinolinecarboxamide,CCC(C)N(C)C(=O)C1=CC2=CC=CC=C2C(=N1)C3=CC=CC=C3Cl
DR21037,17748,"2-Amino-3-chloro-1,4-naphthoquinone",C1=CC=C2C(=C1)C(=O)C(=C(C2=O)Cl)N
DR21038,33630,Penfluridol,C1CN(CCC1(C2=CC(=C(C=C2)Cl)C(F)(F)F)O)CCCC(C3=CC=C(C=C3)F)C4=CC=C(C=C4)F
DR21039,39981,Sparfosic acid,C([C@@H](C(=O)O)NC(=O)CP(=O)(O)O)C(=O)O
DR21040,64727,Lovastatin acid,CC[C@H](C)C(=O)O[C@H]1C[C@H](C=C2[C@H]1[C@H]([C@H](C=C2)C)CC[C@H](C[C@H](CC(=O)O)O)O)C
DR21041,67535,N-Isopropylphthalimide,CC(C)N1C(=O)C2=CC=CC=C2C1=O
DR21042,100016,Zebularine,C1=CN(C(=O)N=C1)[C@H]2[C@@H]([C@@H]([C@H](O2)CO)O)O
DR21043,151289,Isoevodiamine,CN1C2C3=C(CCN2C(=O)C4=CC=CC=C41)C5=CC=CC=C5N3
DR21044,216468,Indisulam,C1=CC2=C(C(=C1)NS(=O)(=O)C3=CC=C(C=C3)S(=O)(=O)N)NC=C2Cl
DR21045,219104,2-(Sec-butyldisulfanyl)-1h-imidazole,CCC(C)SSC1=NC=CN1
DR21046,327653,2-Phenylethynesulfonamide,C1=CC=C(C=C1)C#CS(=O)(=O)N
DR21047,439772,3-Chloro-L-alanine,C([C@@H](C(=O)O)N)Cl
DR21048,613000,"6-tert-Butyl-2,3-naphthalenedicarbonitrile",CC(C)(C)C1=CC2=CC(=C(C=C2C=C1)C#N)C#N
DR21049,656346,"8-(2-ethoxyphenyl)-7,8-dihydro[1,3]dioxolo[4,5-g]quinolin-6(5H)-one",CCOC1=CC=CC=C1C2CC(=O)NC3=CC4=C(C=C23)OCO4
DR21050,701939,4-Chloro-1-methyl-3-nitroquinolin-2(1h)-one,CN1C2=CC=CC=C2C(=C(C1=O)[N+](=O)[O-])Cl
DR21051,753704,4-[[4-(4-Chlorophenyl)-2-thiazolyl]amino]phenol,C1=CC(=CC=C1C2=CSC(=N2)NC3=CC=C(C=C3)O)Cl
DR21052,1548943,Capsaicin,CC(C)/C=C/CCCCC(=O)NCC1=CC(=C(C=C1)O)OC
DR21053,1714884,4-(4-Octylphenyl)benzoic acid,CCCCCCCCC1=CC=C(C=C1)C2=CC=C(C=C2)C(=O)O
DR21054,1889993,Fatostatin,CCCC1=NC=CC(=C1)C2=NC(=CS2)C3=CC=C(C=C3)C
DR21055,2729026,Bax Channel Blocker,C1CN(CCN1)CC(CN2C3=C(C=C(C=C3)Br)C4=C2C=CC(=C4)Br)O.Cl.Cl
DR21056,2828334,5-(1H-indol-3-ylmethyl)-3-methyl-2-thioxo-4-Imidazolidinone,CN1C(=O)C(NC1=S)CC2=CNC3=CC=CC=C32
DR21057,2842253,"4-(5,6-Diphenyl-1,2,4-triazin-3-yl)morpholine",C1COCCN1C2=NC(=C(N=N2)C3=CC=CC=C3)C4=CC=CC=C4
DR21058,2949965,Importazole,CC(C1=CC=CC=C1)NC2=NC(=NC3=CC=CC=C32)N4CCCC4
DR21059,3035714,Abt-751,COC1=CC=C(C=C1)S(=O)(=O)NC2=C(N=CC=C2)NC3=CC=C(C=C3)O
DR21060,3476986,Blebbistatin,CC1=CC2=C(C=C1)N=C3C(C2=O)(CCN3C4=CC=CC=C4)O
DR21061,3516032,5-Chloro-7-[(4-ethyl-1-piperazinyl)-(3-pyridinyl)methyl]-8-quinolinol,CCN1CCN(CC1)C(C2=CN=CC=C2)C3=CC(=C4C=CC=NC4=C3O)Cl
DR21062,3854666,1-(2-Bromophenyl)-3-(2-hydroxy-4-nitrophenyl)urea,C1=CC=C(C(=C1)NC(=O)NC2=C(C=C(C=C2)[N+](=O)[O-])O)Br
DR21063,5282054,Cerulenin,C/C=C/C/C=C/CCC(=O)[C@@H]1[C@@H](O1)C(=O)N
DR21064,5284329,Purmorphamine,C1CCC(CC1)N2C=NC3=C(N=C(N=C32)OC4=CC=CC5=CC=CC=C54)NC6=CC=C(C=C6)N7CCOCC7
DR21065,5362422,Batimastat,CC(C)C[C@H]([C@H](CSC1=CC=CS1)C(=O)NO)C(=O)N[C@@H](CC2=CC=CC=C2)C(=O)NC
DR21066,5738263,RAD51 inhibitor B02,C1=CC=C(C=C1)CN2C(=NC3=CC=CC=C3C2=O)/C=C/C4=CN=CC=C4
DR21067,7326481,"(5E)-5-{[5-(1H-benzimidazol-2-ylthio)-2-furyl]methylene}-3-isopropyl-1,3-thiazolidine-2,4-dione",CC(C)N1C(=O)/C(=C\\C2=CC=C(O2)SC3=NC4=CC=CC=C4N3)/SC1=O
DR21068,9576787,Triacsin c,CCC/C=C/C/C=C/C=C/C=N/NN=O
DR21069,9836739,N-[(E)-(5-Methylfuran-2-yl)methylideneamino]-2-phenoxybenzamide,CC1=CC=C(O1)/C=N/NC(=O)C2=CC=CC=C2OC3=CC=CC=C3
DR21070,9840076,"Imidazo[4,5,1-jk][1,4]benzodiazepin-7(4H)-one, 2-[4-[(dimethylamino)methyl]phenyl]-5,6-dihydro-",CN(C)CC1=CC=C(C=C1)C2=NC3=CC=CC4=C3N2CCNC4=O
DR21072,9886086,(2R)-3-cyclopentyl-2-(4-methylsulfonylphenyl)-N-(2-thiazolyl)propanamide,CS(=O)(=O)C1=CC=C(C=C1)[C@@H](CC2CCCC2)C(=O)NC3=NC=CS3
DR21073,9902311,8-(2-methylphenoxy)-2-(4-morpholinyl)-1H-quinolin-4-one,CC1=CC=CC=C1OC2=CC=CC3=C2NC(=CC3=O)N4CCOCC4
DR21074,9911463,"(2,3-dichlorophenyl)(5-methoxy-2-methyl-3-(2-morpholinoethyl)-1H-indol-1-yl)methanone",CC1=C(C2=C(N1C(=O)C3=C(C(=CC=C3)Cl)Cl)C=CC(=C2)OC)CCN4CCOCC4
DR21075,9929138,Pifithrin-alpha,CC1=CC=C(C=C1)C(=O)CN2C3=C(CCCC3)SC2=N.Br
DR21076,10818492,Leucascandrolide A,C[C@H]1CC[C@H]2C[C@@H](OC(=O)C[C@H]3C[C@@H](C[C@H](O3)C[C@H](C[C@H]1O2)OC)OC(=O)/C=C\\CCC4=COC(=N4)/C=C\\CNC(=O)OC)/C=C/CC(C)C
DR21077,11507802,"1H-Tetrazole-1-carboxamide, 5-((1,1'-biphenyl)-4-ylmethyl)-N,N-dimethyl-",CN(C)C(=O)N1C(=NN=N1)CC2=CC=C(C=C2)C3=CC=CC=C3
DR21078,11657687,Chaetocin a,CN1C(=O)[C@@]23C[C@]4([C@@H](N2C(=O)[C@@]1(SS3)CO)NC5=CC=CC=C54)[C@]67C[C@]89C(=O)N([C@](C(=O)N8[C@H]6NC1=CC=CC=C71)(SS9)CO)C
DR21079,11966550,"(1S,2S,4R,12S,13R,15R,18R)-2-bromo-8-[(2R,3S)-1,1-dichloro-3-hydroxy-3-[(2R,4R)-4-methyl-5-oxooxolan-2-yl]propan-2-yl]-18-hydroxy-9,13-dimethyl-17,19-dioxapentacyclo[13.3.1.01,13.04,12.05,10]nonadeca-5(10),6,8-trien-11-one",C[C@@H]1C[C@@H](OC1=O)[C@H]([C@@H](C2=C(C3=C(C=C2)[C@@H]4C[C@@H]([C@]56[C@@H](OC[C@H](O5)C[C@@]6([C@H]4C3=O)C)O)Br)C)C(Cl)Cl)O
DR21080,12001922,"N'-(2-{4-[bis-(4-chlorophenyl)methyl]piperazin-1-ylmethyl}quinazolin-4-yl)-N,N-dimethylpropane-1,3-diamine",CN(C)CCCNC1=NC(=NC2=CC=CC=C21)CN3CCN(CC3)C(C4=CC=C(C=C4)Cl)C5=CC=C(C=C5)Cl
DR21081,16747776,"3,5-dichloro-2-hydroxy-N-(4-methoxy-[1,1'-biphenyl]-3-yl)benzenesulfonamide",COC1=C(C=C(C=C1)C2=CC=CC=C2)NS(=O)(=O)C3=C(C(=CC(=C3)Cl)Cl)O
DR21082,16760027,2-phenyl-N-(5-propan-2-yl-2-thiazolyl)acetamide,CC(C)C1=CN=C(S1)NC(=O)CC2=CC=CC=C2
DR21083,17757146,"3-(2,5-dimethoxyphenyl)-6-(3,4-dimethoxyphenyl)-7H-[1,2,4]triazolo[3,4-b][1,3,4]thiadiazine",COC1=CC(=C(C=C1)OC)C2=NN=C3N2N=C(CS3)C4=CC(=C(C=C4)OC)OC
DR21085,19582717,N-Cyclopropyl-5-(thiophen-2-yl)isoxazole-3-carboxamide,C1CC1NC(=O)C2=NOC(=C2)C3=CC=CS3
DR21086,23672584,Quiflapon sodium,CC(C)(C)SC1=C(N(C2=C1C=C(C=C2)OCC3=NC4=CC=CC=C4C=C3)CC5=CC=C(C=C5)Cl)CC(C)(C)C(=O)[O-].[Na+]
DR21087,24059344,"(3S,3'S,4'R,5'S)-4'-[fluoro(dimethyl)silyl]-5'-(2-hydroxyethyl)-3'-methyl-5-(2-oxo-1-piperidinyl)-1-prop-2-enyl-2-spiro[indole-3,2'-oxolane]one",C[C@@H]1[C@H]([C@@H](O[C@]12C3=C(C=CC(=C3)N4CCCCC4=O)N(C2=O)CC=C)CCO)[Si](C)(C)F
DR21088,25154868,N-phenyl-4-(quinolin-3-ylmethyl)piperidine-1-carboxamide,C1CN(CCC1CC2=CC3=CC=CC=C3N=C2)C(=O)NC4=CC=CC=C4
DR21089,42623900,"(S)-2-((9-([1,1'-biphenyl]-4-ylmethyl)-2-((2,3-dihydro-1H-inden-5-yl)oxy)-9H-purin-6-yl)amino)-3-phenylpropan-1-ol",C1CC2=C(C1)C=C(C=C2)OC3=NC(=C4C(=N3)N(C=N4)CC5=CC=C(C=C5)C6=CC=CC=C6)N[C@@H](CC7=CC=CC=C7)CO
DR21090,44145497,Ubistatin B,C1=CC(=C(C=C1N2N=C3C=CC4=C(C3=N2)C=CC(=C4)S(=O)(=O)O)S(=O)(=O)O)/C=C/C5=C(C=C(C=C5)N6N=C7C=CC8=C(C7=N6)C=CC(=C8)S(=O)(=O)O)S(=O)(=O)O
DR21092,54680693,Pyrvinium pamoate,CC1=CC(=C(N1C2=CC=CC=C2)C)/C=C/C3=[N+](C4=C(C=C(C=C4)N(C)C)C=C3)C.CC1=CC(=C(N1C2=CC=CC=C2)C)/C=C/C3=[N+](C4=C(C=C(C=C4)N(C)C)C=C3)C.C1=CC=C2C(=C(C(=CC2=C1)C(=O)O)[O-])CC3=C(C(=CC4=CC=CC=C34)C(=O)O)[O-]
DR21093,72193870,Methyl 2-benzamido-1-(3-phenylpropyl)-1H-benzo[d]imidazole-5-carboxylate,COC(=O)C1=CC2=C(C=C1)N(C(=N2)NC(=O)C3=CC=CC=C3)CCCC4=CC=CC=C4
DR21094,139146410,"syn-1-Hydroxy-10-methyl-9,23-dioxa-7,13-diazahexacyclo [12.7.1.1.0^5,13^.0^7,11^.0^18,22^]trieicos-3,14,16,18(22)-tetraene-6,12-dione",C[C@H]1[C@@H]2C(=O)N3C4=CC=CC5=C4[C@@](CCC5)([C@H]6C=C[C@@]3(O6)C(=O)N2CO1)O
DR21095,2746,Tacedinaline,CC(=O)NC1=CC=C(C=C1)C(=O)NC2=CC=CC=C2N
DR21096,2749,Ciclopirox,CC1=CC(=O)N(C(=C1)C2CCCCC2)O
DR21097,2756,Cimetidine,CC1=C(N=CN1)CSCCNC(=NC)NC#N
DR21099,4788,Phloretin,C1=CC(=CC=C1CCC(=O)C2=C(C=C(C=C2O)O)O)O
DR21100,4915,Procarbazine,CC(C)NC(=O)C1=CC=C(C=C1)CNNC
DR21101,4917,Prochlorperazine,CN1CCN(CC1)CCCN2C3=CC=CC=C3SC4=C2C=C(C=C4)Cl
DR21102,5426,Thalidomide,C1CC(=O)NC(=O)C1N2C(=O)C3=CC=CC=C3C2=O
DR21103,5566,Trifluoperazine,CN1CCN(CC1)CCCN2C3=CC=CC=C3SC4=C2C=C(C=C4)C(F)(F)F
DR21104,64971,Betulinic acid,CC(=C)[C@@H]1CC[C@]2([C@H]1[C@H]3CC[C@@H]4[C@]5(CC[C@@H](C([C@@H]5CC[C@]4([C@@]3(CC2)C)C)(C)C)O)C)C(=O)O
DR21105,65064,(-)-Epigallocatechin gallate,C1[C@H]([C@H](OC2=CC(=CC(=C21)O)O)C3=CC(=C(C(=C3)O)O)O)OC(=O)C4=CC(=C(C(=C4)O)O)O
DR21106,65628,Bendamustine,CN1C2=C(C=C(C=C2)N(CCCl)CCCl)N=C1CCCC(=O)O
DR21107,72967,Isonicotinohydroxamic acid,C1=CN=CC=C1C(=O)NO
DR21108,107970,Fingolimod,CCCCCCCCC1=CC=C(C=C1)CCC(CO)(CO)N
DR21109,119607,Valdecoxib,CC1=C(C(=NO1)C2=CC=CC=C2)C3=CC=C(C=C3)S(=O)(=O)N
DR21110,122327,"2,2-Dimethyl-N-(2,4,6-trimethoxyphenyl)dodecanamide",CCCCCCCCCCC(C)(C)C(=O)NC1=C(C=C(C=C1OC)OC)OC
DR21111,132496,"N,N-Dihexyl-2-(4-fluorophenyl)indole-3-acetamide",CCCCCCN(CCCCCC)C(=O)CC1=C(NC2=CC=CC=C21)C3=CC=C(C=C3)F
DR21112,421610,"2-[[3-[[2-(dimethylamino)phenyl]methyl]-2-pyridin-4-yl-1,3-diazinan-1-yl]methyl]-N,N-dimethylaniline",CN(C)C1=CC=CC=C1CN2CCCN(C2C3=CC=NC=C3)CC4=CC=CC=C4N(C)C
DR21113,441298,Hyperforin,CC(C)C(=O)[C@]12C(=O)C(=C([C@](C1=O)(C[C@@H]([C@@]2(C)CCC=C(C)C)CC=C(C)C)CC=C(C)C)O)CC=C(C)C
DR21115,445091,"4-[(5,5-dimethyl-8-quinolin-3-yl-6H-naphthalene-2-carbonyl)amino]benzoic acid",CC1(CC=C(C2=C1C=CC(=C2)C(=O)NC3=CC=C(C=C3)C(=O)O)C4=CC5=CC=CC=C5N=C4)C
DR21116,445455,"3-fluoro-4-[[(2R)-2-hydroxy-2-(5,5,8,8-tetramethyl-6,7-dihydronaphthalen-2-yl)acetyl]amino]benzoic acid",CC1(CCC(C2=C1C=CC(=C2)[C@H](C(=O)NC3=C(C=C(C=C3)C(=O)O)F)O)(C)C)C
DR21117,445643,Tacrolimus,C[C@@H]1C[C@@H]([C@@H]2[C@H](C[C@H]([C@@](O2)(C(=O)C(=O)N3CCCC[C@H]3C(=O)O[C@@H]([C@@H]([C@H](CC(=O)[C@@H](/C=C(/C1)\\C)CC=C)O)C)/C(=C/[C@@H]4CC[C@H]([C@@H](C4)OC)O)/C)O)C)OC)OC
DR21118,638278,Isoliquiritigenin,C1=CC(=CC=C1/C=C/C(=O)C2=C(C=C(C=C2)O)O)O
DR21119,650361,"1-(2,3-Dihydro-1,4-benzodioxin-6-ylsulfonyl)-4-[(4-methoxyphenyl)sulfonyl]piperazine",COC1=CC=C(C=C1)S(=O)(=O)N2CCN(CC2)S(=O)(=O)C3=CC4=C(C=C3)OCCO4
DR21120,654092,"2,7-bis(piperidin-1-ylsulfonyl)-9H-fluoren-9-one oxime",C1CCN(CC1)S(=O)(=O)C2=CC3=C(C=C2)C4=C(C3=NO)C=C(C=C4)S(=O)(=O)N5CCCCC5
DR21121,675434,"1-[1-(4-fluorophenyl)-2,5-dimethyl-1H-pyrrol-3-yl]-2-(pyrrolidin-1-yl)ethan-1-one",CC1=CC(=C(N1C2=CC=C(C=C2)F)C)C(=O)CN3CCCC3
DR21122,676352,"N2,N4-dibenzylquinazoline-2,4-diamine",C1=CC=C(C=C1)CNC2=NC(=NC3=CC=CC=C32)NCC4=CC=CC=C4
DR21123,702558,N-Phthalyl-L-tryptophan,C1=CC=C2C(=C1)C(=O)N(C2=O)[C@@H](CC3=CNC4=CC=CC=C43)C(=O)O
DR21124,1239801,Necrostatin-7,C1=CC(=CC=C1C2=C(C=NN2)/C=C\\3/C(=O)N(C(=N)S3)C4=NC=CS4)F
DR21125,1317464,methyl 2-[2-chloro-6-ethoxy-4-[(E)-(3-methyl-5-oxo-1-phenylpyrazol-4-ylidene)methyl]phenoxy]acetate,CCOC1=C(C(=CC(=C1)/C=C/2\\C(=NN(C2=O)C3=CC=CC=C3)C)Cl)OCC(=O)OC
DR21126,1323703,"4-(4-(5,5-Dimethyl-4,5-dihydrothiazol-2-yl)piperazin-1-yl)-5,6,7,8-tetrahydrobenzo[4,5]thieno[2,3-d]pyrimidine",CC1(CN=C(S1)N2CCN(CC2)C3=C4C5=C(CCCC5)SC4=NC=N3)C
DR21127,1641662,9-[2-(1H-benzimidazol-2-yl)ethyl]carbazole,C1=CC=C2C(=C1)C3=CC=CC=C3N2CCC4=NC5=CC=CC=C5N4
DR21128,2113511,"1-[2-[2,5-Dimethyl-1-(phenylmethyl)-3-pyrrolyl]-2-oxoethyl]pyrrolidine-2,5-dione",CC1=CC(=C(N1CC2=CC=CC=C2)C)C(=O)CN3C(=O)CCC3=O
DR21129,2130404,"2-Propenamide, 2-cyano-3-(5-(2,5-dichlorophenyl)-2-furanyl)-N-5-quinolinyl-",C1=CC2=C(C=CC=N2)C(=C1)NC(=O)/C(=C/C3=CC=C(O3)C4=C(C=CC(=C4)Cl)Cl)/C#N
DR21130,2733487,Fumonisin b1,CCCC[C@@H](C)[C@H]([C@H](C[C@@H](C)C[C@@H](CCCC[C@H](C[C@@H]([C@H](C)N)O)O)O)OC(=O)C[C@@H](CC(=O)O)C(=O)O)OC(=O)C[C@@H](CC(=O)O)C(=O)O
DR21131,2742550,2-methyl-1-(3-morpholin-4-ylpropyl)-5-phenyl-N-[3-(trifluoromethyl)phenyl]pyrrole-3-carboxamide,CC1=C(C=C(N1CCCN2CCOCC2)C3=CC=CC=C3)C(=O)NC4=CC=CC(=C4)C(F)(F)F
DR21132,2858523,"1-(3,5-di-tert-butyl-4-hydroxyphenyl)-2-(2-(3-hydroxypropylamino)-5,6-dimethyl-1H-benzo[d]imidazol-1-yl)ethanone",CC1=CC2=C(C=C1C)N(C(=N2)NCCCO)CC(=O)C3=CC(=C(C(=C3)C(C)(C)C)O)C(C)(C)C
DR21133,2946601,N-(4-(((4-(4-methoxyphenyl)tetrahydro-2H-pyran-4-yl)methyl)carbamoyl)phenyl)furan-2-carboxamide,COC1=CC=C(C=C1)C2(CCOCC2)CNC(=O)C3=CC=C(C=C3)NC(=O)C4=CC=CO4
DR21134,3025944,Lomeguatrib,C1=C(SC=C1Br)COC2=NC(=NC3=C2NC=N3)N
DR21135,3136844,"4-(6-bromo-1,3-benzodioxol-5-yl)-3a,4,5,9b-tetrahydro-3H-cyclopenta[c]quinoline",C1C=CC2C1C(NC3=CC=CC=C23)C4=CC5=C(C=C4Br)OCO5
DR21136,3634881,N-[(4-chlorophenyl)-(2-methyl-1H-indol-3-yl)methyl]pyridin-2-amine,CC1=C(C2=CC=CC=C2N1)C(C3=CC=C(C=C3)Cl)NC4=CC=CC=N4
DR21137,3825829,"3-(2,4-dichloro-5-methoxyphenyl)-2-sulfanyl-4(3H)-quinazolinone",COC1=C(C=C(C(=C1)N2C(=O)C3=CC=CC=C3NC2=S)Cl)Cl
DR21138,4096211,"N-(2-benzamido-1,3-benzothiazol-6-yl)adamantane-1-carboxamide",C1C2CC3CC1CC(C2)(C3)C(=O)NC4=CC5=C(C=C4)N=C(S5)NC(=O)C6=CC=CC=C6
DR21139,4369359,Sitagliptin,C1CN2C(=NN=C2C(F)(F)F)CN1C(=O)C[C@@H](CC3=CC(=C(C=C3F)F)F)N
DR21140,4521392,"4-(4-(benzo[d][1,3]dioxol-5-yl)-5-(pyridin-2-yl)-1H-imidazol-2-yl)benzamide",C1OC2=C(O1)C=C(C=C2)C3=C(NC(=N3)C4=CC=C(C=C4)C(=O)N)C5=CC=CC=N5
DR21141,5281672,Myricetin,C1=C(C=C(C(=C1O)O)O)C2=C(C(=O)C3=C(C=C(C=C3O2)O)O)O
DR21144,5311037,Istradefylline,CCN1C2=C(C(=O)N(C1=O)CC)N(C(=N2)/C=C/C3=CC(=C(C=C3)OC)OC)C
DR21145,5951923,"2-((1,1-Dioxidotetrahydrothiophen-3-yl)(methyl)amino)-2-oxoethyl 3-(3-nitrophenyl)acrylate",CN(C1CCS(=O)(=O)C1)C(=O)COC(=O)/C=C/C2=CC(=CC=C2)[N+](=O)[O-]
DR21146,9840324,R-(+)-Etomoxir,CCOC(=O)[C@]1(CO1)CCCCCCOC2=CC=C(C=C2)Cl
DR21147,9843750,Semagacestat,C[C@@H](C(=O)N[C@H]1C2=CC=CC=C2CCN(C1=O)C)NC(=O)[C@H](C(C)C)O
DR21148,9967941,6-(2-(tert-Butyl)-5-(6-methylpyridin-2-yl)-1H-imidazol-4-yl)quinoxaline,CC1=NC(=CC=C1)C2=C(N=C(N2)C(C)(C)C)C3=CC4=NC=CN=C4C=C3
DR21149,10026128,Turofexorate isopropyl,CC(C)OC(=O)C1=CN(CC(C2=C1NC3=CC=CC=C32)(C)C)C(=O)C4=CC(=C(C=C4)F)F
DR21150,10077130,Vorapaxar,CCOC(=O)N[C@@H]1CC[C@@H]2[C@@H](C1)C[C@@H]3[C@H]([C@H]2/C=C/C4=NC=C(C=C4)C5=CC(=CC=C5)F)[C@H](OC3=O)C
DR21151,10090485,Galunisertib,CC1=NC(=CC=C1)C2=NN3CCCC3=C2C4=C5C=C(C=CC5=NC=C4)C(=O)N
DR21152,10296883,Sotrastaurin,CN1CCN(CC1)C2=NC3=CC=CC=C3C(=N2)C4=C(C(=O)NC4=O)C5=CNC6=CC=CC=C65
DR21153,10410894,"4-(5,7,7,10,10-Pentamethyl-8,9-dihydronaphtho[2,3-b][1,4]benzodiazepin-13-yl)benzoic acid",CC1(CCC(C2=CC3=C(C=C21)N=C(C4=CC=CC=C4N3C)C5=CC=C(C=C5)C(=O)O)(C)C)C
DR21154,10427712,"6,7-Bis(3-hydroxyphenyl)pteridine-2,4-diamine",C1=CC(=CC(=C1)O)C2=NC3=C(N=C(N=C3N=C2C4=CC(=CC=C4)O)N)N
DR21155,11222830,"(S,E)-3-(6-bromopyridin-2-yl)-2-cyano-N-(1-phenylbutyl)acrylamide",CCC[C@@H](C1=CC=CC=C1)NC(=O)/C(=C/C2=NC(=CC=C2)Br)/C#N
DR21156,11657048,"4-(4,4-dimethylpiperidin-1-yl)-N-[3-nitro-4-(2-phenylsulfanylethylamino)phenyl]sulfonylbenzamide",CC1(CCN(CC1)C2=CC=C(C=C2)C(=O)NS(=O)(=O)C3=CC(=C(C=C3)NCCSC4=CC=CC=C4)[N+](=O)[O-])C
DR21157,11683005,Darinaparsin,C[As](C)SC[C@@H](C(=O)NCC(=O)O)NC(=O)CC[C@@H](C(=O)O)N
DR21158,11717001,"(E)-5-(1-(2-hydroxyethyl)-3-(pyridin-4-yl)-1H-pyrazol-4-yl)-2,3-dihydro-1H-inden-1-one oxime",C1C/C(=N\\O)/C2=C1C=C(C=C2)C3=CN(N=C3C4=CC=NC=C4)CCO
DR21161,16725315,tert-butyl N-[(2S)-1-[2-[2-(2-ethylanilino)-2-oxoethyl]sulfanylcarbonylhydrazinyl]-3-(1H-indol-3-yl)-1-oxopropan-2-yl]carbamate,CCC1=CC=CC=C1NC(=O)CSC(=O)NNC(=O)[C@H](CC2=CNC3=CC=CC=C32)NC(=O)OC(C)(C)C
DR21162,16741245,"4-[(3-Chloro-4-{[(2r)-3,3,3-Trifluoro-2-Hydroxy-2-Methylpropanoyl]amino}phenyl)sulfonyl]-N,N-Dimethylbenzamide",C[C@@](C(=O)NC1=C(C=C(C=C1)S(=O)(=O)C2=CC=C(C=C2)C(=O)N(C)C)Cl)(C(F)(F)F)O
DR21163,24180125,"N-(2-(3-(piperazin-1-ylmethyl)imidazo[2,1-b]thiazol-6-yl)phenyl)quinoxaline-2-carboxamide",C1CN(CCN1)CC2=CSC3=NC(=CN23)C4=CC=CC=C4NC(=O)C5=NC6=CC=CC=C6N=C5
DR21164,25105715,"N-[2-(4-Oxo-1-phenyl-1,3,8-triazaspiro[4.5]decan-8-yl)ethyl]naphthalene-2-carboxamide",C1CN(CCC12C(=O)NCN2C3=CC=CC=C3)CCNC(=O)C4=CC5=CC=CC=C5C=C4
DR21165,44237094,"Ethyl 3-[(E)-2-Amino-1-Cyanoethenyl]-6,7-Dichloro-1-Methyl-1h-Indole-2-Carboxylate",CCOC(=O)C1=C(C2=C(N1C)C(=C(C=C2)Cl)Cl)/C(=C\\N)/C#N
DR21166,44241473,"N-[5-[[4-(1,1,1,3,3,3-hexafluoro-2-hydroxypropan-2-yl)phenyl]sulfamoyl]-4-methyl-1,3-thiazol-2-yl]acetamide",CC1=C(SC(=N1)NC(=O)C)S(=O)(=O)NC2=CC=C(C=C2)C(C(F)(F)F)(C(F)(F)F)O
DR21168,44543605,"3-[[4-(2,3-Dihydro-1,4-benzodioxin-6-ylsulfonyl)-1,4-diazepan-1-yl]sulfonyl]aniline",C1CN(CCN(C1)S(=O)(=O)C2=CC=CC(=C2)N)S(=O)(=O)C3=CC4=C(C=C3)OCCO4
DR21169,44607530,N-(3-(5-chloro-2-(2-methoxy-4-(4-methylpiperazin-1-yl)phenylamino)pyrimidin-4-yloxy)phenyl)acrylamide,CN1CCN(CC1)C2=CC(=C(C=C2)NC3=NC=C(C(=N3)OC4=CC=CC(=C4)NC(=O)C=C)Cl)OC
DR21170,45100481,Palmostatin B,CCCCCCCCCC[C@H]1[C@@H](OC1=O)CCC2=CC(=C(C=C2)OC)OC
DR21171,45279963,Skepinone-L,C1CC2=C(C=CC(=C2)NC3=C(C=C(C=C3)F)F)C(=O)C4=C1C=CC(=C4)OC[C@@H](CO)O
DR21172,46199207,StemRegenin 1,CC(C)N1C=NC2=C(N=C(N=C21)C3=CSC4=CC=CC=C43)NCCC5=CC=C(C=C5)O
DR21173,46398810,"4-(2,6-difluoro-4-(3-(1-(piperidin-4-yl)-1H-pyrazol-4-yl)quinoxalin-5-yl)benzyl)morpholine",C1CNCCC1N2C=C(C=N2)C3=NC4=C(C=CC=C4N=C3)C5=CC(=C(C(=C5)F)CN6CCOCC6)F
DR21174,46843906,Lrrk2-IN-1,CN1CCN(CC1)C2CCN(CC2)C(=O)C3=CC(=C(C=C3)NC4=NC=C5C(=N4)N(C6=CC=CC=C6C(=O)N5C)C)OC
DR21175,46901937,"7-(2-(2-(Dimethylamino)ethoxy)ethoxy)-6-methoxy-2-(4-methyl-1,4-diazepan-1-yl)-N-(1-methylpiperidin-4-yl)quinazolin-4-amine",CN1CCCN(CC1)C2=NC3=CC(=C(C=C3C(=N2)NC4CCN(CC4)C)OC)OCCOCCN(C)C
DR21176,49867926,"N-[4-({3-[(3,5-dimethoxyphenyl)amino]quinoxalin-2-yl}sulfamoyl)phenyl]-3-methoxy-4-methylbenzamide",CC1=C(C=C(C=C1)C(=O)NC2=CC=C(C=C2)S(=O)(=O)NC3=NC4=CC=CC=C4N=C3NC5=CC(=CC(=C5)OC)OC)OC
DR21177,49867930,RO4929097,CC(C)(C(=O)NCC(C(F)(F)F)(F)F)C(=O)N[C@H]1C2=CC=CC=C2C3=CC=CC=C3NC1=O
DR21178,50905018,Tert-butyl 2-[(4-chlorophenyl)methyl-[(5-nitrothiophen-2-yl)methyl]amino]acetate,CC(C)(C)OC(=O)CN(CC1=CC=C(C=C1)Cl)CC2=CC=C(S2)[N+](=O)[O-]
DR21179,51037431,6-Fluoro-N-(4-fluorobenzyl)quinazolin-4-amine,C1=CC(=CC=C1CNC2=NC=NC3=C2C=C(C=C3)F)F
DR21180,53301938,"12-[(4-Methoxyphenyl)methyl]spiro[12,14,15,16,17-pentazatetracyclo[8.7.0.02,7.013,17]heptadeca-1(10),2,4,6,13,15-hexaene-9,1'-cyclopentane]-11-one",COC1=CC=C(C=C1)CN2C(=O)C3=C(C4=CC=CC=C4CC35CCCC5)N6C2=NN=N6
DR21181,53325874,N-cyano-N''-[(1s)-1-phenylethyl]-N'-5-quinolinyl-guanidine,C[C@@H](C1=CC=CC=C1)N=C(NC#N)NC2=CC=CC3=C2C=CC=N3
DR21182,53393127,"Ethyl 2-{[5-(methylsulfanyl)thiophen-2-yl]carbonyl}-1,2,3,4-tetrahydroisoquinoline-3-carboxylate",CCOC(=O)C1CC2=CC=CC=C2CN1C(=O)C3=CC=C(S3)SC
DR21184,54678924,Incyclinide,C1[C@@H]2CC3=C(C(=CC=C3)O)C(=C2C(=O)[C@]4([C@@H]1CC(=O)C(=C4O)C(=O)N)O)O
DR21185,54686904,Tigecycline,CC(C)(C)NCC(=O)NC1=CC(=C2C[C@H]3C[C@H]4[C@@H](C(=O)C(=C([C@]4(C(=O)C3=C(C2=C1O)O)O)O)C(=O)N)N(C)C)N(C)C
DR21186,54765302,"4-(4-(5,5-Dimethyl-4,5-dihydrothiazol-2-yl)piperazin-1-yl)-6-propylthieno[2,3-d]pyrimidine",CCCC1=CC2=C(N=CN=C2S1)N3CCN(CC3)C4=NCC(S4)(C)C
DR21187,56973724,"9-Cyclopentyl-2-[[2-methoxy-4-[(1-methylpiperidin-4-yl)oxy]-phenyl]amino]-7-methyl-7,9-dihydro-8H-purin-8-one",CN1CCC(CC1)OC2=CC(=C(C=C2)NC3=NC=C4C(=N3)N(C(=O)N4C)C5CCCC5)OC
DR21188,57330099,2-Isopropylphenyl (2-(naphthalen-2-yl)ethyl)carbamate,CC(C)C1=CC=CC=C1OC(=O)NCCC2=CC3=CC=CC=C3C=C2
DR21189,71729975,"Ethyl 3-((6-(4,5-dihydro-1H-benzo[d]azepin-3(2H)-yl)-2-(pyridin-2-yl)pyrimidin-4-yl)amino)propanoate",CCOC(=O)CCNC1=CC(=NC(=N1)C2=CC=CC=N2)N3CCC4=CC=CC=C4CC3
DR21191,73707371,PRL-3 Inhibitor I,C1=CC=C(C(=C1)COC2=C(C=C(C=C2)Br)/C=C/3\\C(=O)NC(=S)S3)Br
DR21192,76553518,"8-[[2-[3,4-Bis(hydroxymethyl)-3,4-dimethylpyrrolidin-1-yl]-5-chloropyridine-4-carbonyl]amino]-1-(4-fluorophenyl)-4,5-dihydrobenzo[g]indazole-3-carboxamide",CC1(CN(CC1(C)CO)C2=NC=C(C(=C2)C(=O)NC3=CC4=C(CCC5=C4N(N=C5C(=O)N)C6=CC=C(C=C6)F)C=C3)Cl)CO
DR21194,135398744,Sildenafil,CCCC1=NN(C2=C1N=C(NC2=O)C3=C(C=CC(=C3)S(=O)(=O)N4CCN(CC4)C)OCC)C
DR21195,135403620,"5-[3-(Dimethylamino)propylamino]-3,10-dimethylpyrimido[4,5-b]quinoline-2,4-dione",CN1C2=CC=CC=C2C(=NCCCN(C)C)C3=C1NC(=O)N(C3=O)C
DR21196,135928012,Pandacostat,C1=CC(=CC=C1/C=C/C(=O)NO)C(=O)N/N=C/C2=C(C(=C(C=C2)O)O)O
DR21197,135999136,"N-[(E)-1H-pyrrol-2-ylmethylideneamino]-2-(2,4,6-trichlorophenoxy)acetamide",C1=CNC(=C1)/C=N/NC(=O)COC2=C(C=C(C=C2Cl)Cl)Cl
DR30001,864,Thioctic acid,C1CSSC1CCCCC(=O)O
DR30002,2332,Benzamidine,C1=CC=C(C=C1)C(=N)N
DR30003,3130,N-[1-hydroxy-3-(morpholin-4-yl)-1-phenylpropan-2-yl]hexadecanamide,CCCCCCCCCCCCCCCC(=O)NC(CN1CCOCC1)C(C2=CC=CC=C2)O
DR30004,6252,Cytarabine hydrochloride,C1=CN(C(=O)N=C1N)[C@H]2[C@H]([C@@H]([C@H](O2)CO)O)O.Cl
DR30005,12035,Acetylcysteine,CC(=O)N[C@@H](CS)C(=O)O
DR30006,23976,Chromium,[Cr]
DR30007,87371,"2,3,4,9-tetrahydro-1H-pyrido[3,4-b]indol-1-one",C1CNC(=O)C2=C1C3=CC=CC=C3N2
DR30008,124886,Glutathione,C(CC(=O)N[C@@H](CS)C(=O)NCC(=O)O)[C@@H](C(=O)O)N
DR30009,643462,Schweinfurthin A,CC(=CCC/C(=C/CC1=C(C=C(C=C1O)/C=C/C2=CC3=C(C(=C2)O)O[C@@]4(C[C@H]([C@H](C([C@H]4C3)(C)C)O)O)C)O)/C)C
DR30010,644243,"1-[4-Amino-7-(3-hydroxypropyl)-5-(4-methylphenyl)-7H-pyrrolo[2,3-d]pyrimidin-6-yl]-2-fluoroethanone",CC1=CC=C(C=C1)C2=C(N(C3=NC=NC(=C23)N)CCCO)C(=O)CF
DR30011,2874250,"6-(4-(diethylamino)-3-nitrophenyl)-5-methyl-4,5-dihydropyridazin-3(2H)-one",CCN(CC)C1=C(C=C(C=C1)C2=NNC(=O)CC2C)[N+](=O)[O-]
DR30012,5280436,Aacocf3,CCCCC/C=C\\C/C=C\\C/C=C\\C/C=C\\CCCC(=O)C(F)(F)F
DR30013,6420193,CID 6420193,C/C=C/C(=O)C[C@H]1CC[C@@H]([C@@H](O1)CC(=O)NC[C@@H]([C@H](C)C(=O)NCCC[C@@H]2[C@H](CC[C@@]3(O2)CCC[C@H](O3)CC[C@H](C)/C=C(\\C)/[C@H](C)O)C)O)C
DR30014,6729245,"dimethyl 2-[3-[(3S,3'S,4'R,6'S,8'R,8'aR)-6'-[2-(2-hydroxyethoxy)phenyl]-1',2-dioxo-3',4'-diphenyl-8'-(4-pyrimidin-2-ylpiperazine-1-carbonyl)spiro[1H-indole-3,7'-4,6,8,8a-tetrahydro-3H-pyrrolo[2,1-c][1,4]oxazine]-5-yl]prop-2-ynyl]propanedioate",COC(=O)C(CC#CC1=CC2=C(C=C1)NC(=O)[C@@]23[C@H]([C@@H]4C(=O)O[C@H]([C@H](N4[C@H]3C5=CC=CC=C5OCCO)C6=CC=CC=C6)C7=CC=CC=C7)C(=O)N8CCN(CC8)C9=NC=CC=N9)C(=O)OC
DR30015,6731789,"dimethyl 2-[3-[(3R,4S,6R,7R,8S,8aS)-6-[2-(2-hydroxyethoxy)phenyl]-1'-(2-methoxyethoxycarbonyl)-1,2'-dioxo-3,4-diphenyl-8-(prop-2-enylcarbamoyl)spiro[4,6,8,8a-tetrahydro-3H-pyrrolo[2,1-c][1,4]oxazine-7,3'-indole]-5'-yl]prop-2-ynyl]propanedioate",COCCOC(=O)N1C2=C(C=C(C=C2)C#CCC(C(=O)OC)C(=O)OC)[C@]3(C1=O)[C@@H]([C@H]4C(=O)O[C@@H]([C@@H](N4[C@@H]3C5=CC=CC=C5OCCO)C6=CC=CC=C6)C7=CC=CC=C7)C(=O)NCC=C
DR30016,9854230,"[(2S,3R,4S,5R)-2-[(2S,3R,4S,5S)-3-acetyloxy-2-[[(3S,8R,9S,10R,13S,14S,16S,17S)-3,17-dihydroxy-10,13-dimethyl-17-[(2S)-6-methyl-3-oxoheptan-2-yl]-1,2,3,4,7,8,9,11,12,14,15,16-dodecahydrocyclopenta[a]phenanthren-16-yl]oxy]-5-hydroxyoxan-4-yl]oxy-4,5-dihydroxyoxan-3-yl] 4-methoxybenzoate",C[C@H](C(=O)CCC(C)C)[C@]1([C@H](C[C@@H]2[C@@]1(CC[C@H]3[C@H]2CC=C4[C@@]3(CC[C@@H](C4)O)C)C)O[C@H]5[C@@H]([C@H]([C@H](CO5)O)O[C@H]6[C@@H]([C@H]([C@@H](CO6)O)O)OC(=O)C7=CC=C(C=C7)OC)OC(=O)C)O
DR30017,10275789,"N-[(E)-(6-Bromoimidazo[1,2-a]pyridin-3-yl)methylideneamino]-N,2-dimethyl-5-nitrobenzenesulfonamide",CC1=C(C=C(C=C1)[N+](=O)[O-])S(=O)(=O)N(C)/N=C/C2=CN=C3N2C=C(C=C3)Br
DR30018,44442376,Remodelin,C1CCC(=NNC2=NC(=CS2)C3=CC=C(C=C3)C#N)C1
DR30019,46843056,Afuresertib hydrochloride,CN1C(=C(C=N1)Cl)C2=C(SC(=C2)C(=O)N[C@@H](CC3=CC(=CC=C3)F)CN)Cl.Cl
DR30020,60148416,Pharmakon1600-01503692,CC[C@H]1[C@H]([C@H]([C@H]([C@H](O1)O[C@@H](C2=CN=CN2)[C@@H](C(=O)N[C@H](C)[C@@H]([C@H](C)C(=O)N[C@H]([C@@H](C)O)C(=O)NCCC3=NC(=CS3)C4=NC(=CS4)C(=O)NCCCCN=C(N)N)O)NC(=O)C5=C(C(=NC(=N5)[C@H](CC(=O)N)NC[C@H](C(=O)N)N)N)C)O[C@H]6[C@H]([C@H]([C@H]([C@H](O6)CO)O)OC(=O)N)O)C)C.OS(=O)(=O)O
DR30021,70983932,(S)-5-(((5-Chloro-2-methylpyridin-3-yl)amino)methyl)-N-(3-cyclopentyl-1-(cyclopropylamino)-1-oxopropan-2-yl)thiophene-2-carboxamide,CC1=C(C=C(C=N1)Cl)NCC2=CC=C(S2)C(=O)N[C@@H](CC3CCCC3)C(=O)NC4CC4
DR30022,71304818,"N4-isobutyl-N2-((2-phenylthiazol-4-yl)methyl)pyrimidine-2,4-diamine",CC(C)CNC1=NC(=NC=C1)NCC2=CSC(=N2)C3=CC=CC=C3
DR30023,71522234,Gsk-lsd1,C1CNCCC1N[C@@H]2C[C@H]2C3=CC=CC=C3
DR30024,71751553,"3-[(3-Chlorophenoxy)methyl]-1-(tetrahydro-2H-pyran-4-yl)-1H-pyrazolo[3,4-d]pyrimidin-4-amine Hydrochloride",C1COCCC1N2C3=NC=NC(=C3C(=N2)COC4=CC(=CC=C4)Cl)N.Cl
DR30025,72201027,Sgc-cbp30,CC1=C(C(=NO1)C)C2=CC3=C(C=C2)N(C(=N3)CCC4=CC(=C(C=C4)OC)Cl)C[C@H](C)N5CCOCC5
DR30026,72943187,Bromosporine,CCOC(=O)NC1=CC(=NN2C1=NN=C2C)C3=CC(=C(C=C3)C)NS(=O)(=O)C
DR30027,73010930,1-(1-(2-(Methylsulfonyl)phenyl)-7-propoxyindolizin-3-yl)ethanone,CCCOC1=CC2=C(C=C(N2C=C1)C(=O)C)C3=CC=CC=C3S(=O)(=O)C
DR30028,76285486,"5'-Methoxy-6'-(3-(pyrrolidin-1-yl)propoxy)spiro[cyclobutane-1,3'-indol]-2'-amine",COC1=C(C=C2C(=C1)C3(CCC3)C(=N2)N)OCCCN4CCCC4
DR30029,78357767,"6,7-Dimethoxy-2-(pyrrolidin-1-yl)-N-(5-(pyrrolidin-1-yl)pentyl)quinazolin-4-amine",COC1=C(C=C2C(=C1)C(=NC(=N2)N3CCCC3)NCCCCCN4CCCC4)OC
DR30030,90488984,"1-[7-(3,4-Dimethoxyphenyl)-9-[[(3S)-1-methylpiperidin-3-yl]methoxy]-2,3,4,5-tetrahydro-1,4-benzoxazepin-4-yl]propan-1-one",CCC(=O)N1CCOC2=C(C1)C=C(C=C2OC[C@H]3CCCN(C3)C)C4=CC(=C(C=C4)OC)OC
DR30031,117918970,4-[[5-[3-(2-Chloro-4-methylphenyl)-4-pyridinyl]-2-thiazolyl]amino]phenol,CC1=CC(=C(C=C1)C2=C(C=CN=C2)C3=CN=C(S3)NC4=CC=C(C=C4)O)Cl
DR30032,117996541,"N-[5-(2,3-dihydro-1,4-benzodioxine-6-carbonylamino)-2-methylphenyl]-2-methylquinoline-6-carboxamide",CC1=C(C=C(C=C1)NC(=O)C2=CC3=C(C=C2)OCCO3)NC(=O)C4=CC5=C(C=C4)N=C(C=C5)C
DR30033,121271792,"(4r)-4-Methyl-6-[1-Methyl-3-(1-Methyl-1h-Pyrazol-4-Yl)-1h-Indazol-5-Yl]-1,3,4,5-Tetrahydro-2h-1,5-Benzodiazepin-2-One",C[C@@H]1CC(=O)NC2=CC=CC(=C2N1)C3=CC4=C(C=C3)N(N=C4C5=CN(N=C5)C)C
