﻿drugid,drug_name,drug.name,cid,isosmiles
DR00050,Cyclophosphamide,Cyclophosphamide,2907,C1CNP(=O)(OC1)N(CCCl)CCCl
DR00079,Ifosfamide,Ifosfamide,3690,C1CN(P(=O)(OC1)NCCCl)CCCl
DR00097,Mitoxantrone,Mitoxantrone,4212,C1=CC(=C2C(=C1NCCNCCO)C(=O)C3=C(C=CC(=C3C2=O)O)O)NCCNCCO
DR00130,Imatinib,Imatinib,5291,CC1=C(C=C(C=C1)NC(=O)C2=CC=C(C=C2)CN3CCN(CC3)C)NC4=NC=CC(=N4)C5=CN=CC=C5
DR00132,Vorinostat,Vorinostat,5311,C1=CC=C(C=C1)NC(=O)CCCCCCC(=O)NO
DR00138,Temozolomide,Temozolomide,5394,CN1C(=O)N2C=NC(=C2N=N1)C(=O)N
DR00151,Dexamethasone,Dexamethasone,5743,C[C@@H]1C[C@H]2[C@@H]3CCC4=CC(=O)C=C[C@@]4([C@]3([C@H](C[C@@]2([C@]1(C(=O)CO)O)C)O)F)C
DR00152,Mitomycin C,Mitomycin C,5746,CC1=C(C(=O)C2=C(C1=O)N3C[C@H]4[C@@H]([C@@]3([C@@H]2COC(=O)N)OC)N4)N
DR00162,Vincristine,Vincristine,5978,CC[C@@]1(C[C@@H]2C[C@@](C3=C(CCN(C2)C1)C4=CC=CC=C4N3)(C5=C(C=C6C(=C5)[C@]78CCN9[C@H]7[C@@](C=CC9)([C@H]([C@@]([C@@H]8N6C=O)(C(=O)OC)O)OC(=O)C)CC)OC)C(=O)OC)O
DR00267,Vinblastine,Vinblastine,13342,CC[C@@]1(C[C@H]2C[C@@](C3=C(CCN(C2)C1)C4=CC=CC=C4N3)(C5=C(C=C6C(=C5)[C@]78CCN9[C@H]7[C@@](C=CC9)([C@H]([C@@]([C@@H]8N6C)(C(=O)OC)O)OC(=O)C)CC)OC)C(=O)OC)O
DR00402,Doxorubicin,Doxorubicin,31703,C[C@H]1[C@H]([C@H](C[C@@H](O1)O[C@H]2C[C@@](CC3=C2C(=C4C(=C3O)C(=O)C5=C(C4=O)C(=CC=C5)OC)O)(C(=O)CO)O)N)O
DR00415,Paclitaxel,Paclitaxel,36314,CC1=C2[C@H](C(=O)[C@@]3([C@H](C[C@@H]4[C@]([C@H]3[C@@H]([C@@](C2(C)C)(C[C@@H]1OC(=O)[C@@H]([C@H](C5=CC=CC=C5)NC(=O)C6=CC=CC=C6)O)O)OC(=O)C7=CC=CC=C7)(CO4)OC(=O)C)O)C)OC(=O)C
DR00417,Etoposide,Etoposide,36462,C[C@@H]1OC[C@@H]2[C@@H](O1)[C@@H]([C@H]([C@@H](O2)O[C@H]3[C@H]4COC(=O)[C@@H]4[C@@H](C5=CC6=C(C=C35)OCO6)C7=CC(=C(C(=C7)OC)O)OC)O)O
DR00433,Epirubicin,Epirubicin,41867,C[C@H]1[C@@H]([C@H](C[C@@H](O1)O[C@H]2C[C@@](CC3=C2C(=C4C(=C3O)C(=O)C5=C(C4=O)C(=CC=C5)OC)O)(C(=O)CO)O)N)O
DR00499,Topotecan,Topotecan,60700,CC[C@@]1(C2=C(COC1=O)C(=O)N3CC4=CC5=C(C=CC(=C5CN(C)C)O)N=C4C3=C2)O
DR00500,Gemcitabine,Gemcitabine,60750,C1=CN(C(=O)N=C1N)[C@H]2C([C@@H]([C@H](O2)CO)O)(F)F
DR00504,Irinotecan,Irinotecan,60838,CCC1=C2CN3C(=CC4=C(C3=O)COC(=O)[C@@]4(CC)O)C2=NC5=C1C=C(C=C5)OC(=O)N6CCC(CC6)N7CCCCC7
DR00559,Zoledronic Acid,Zoledronic Acid,68740,C1=CN(C=N1)CC(O)(P(=O)(O)O)P(=O)(O)O
DR00881,Fulvestrant,Fulvestrant,104741,C[C@]12CC[C@H]3[C@H]([C@@H]1CC[C@@H]2O)[C@@H](CC4=C3C=CC(=C4)O)CCCCCCCCCS(=O)CCCC(C(F)(F)F)(F)F
DR00923,Gefitinib,Gefitinib,123631,COC1=C(C=C2C(=C1)N=CN=C2NC3=CC(=C(C=C3)F)Cl)OCCCN4CCOCC4
DR00937,Methotrexate,Methotrexate,126941,CN(CC1=CN=C2C(=N1)C(=NC(=N2)N)N)C3=CC=C(C=C3)C(=O)N[C@@H](CCC(=O)O)C(=O)O
DR00983,Docetaxel,Docetaxel,148124,CC1=C2[C@H](C(=O)[C@@]3([C@H](C[C@@H]4[C@]([C@H]3[C@@H]([C@@](C2(C)C)(C[C@@H]1OC(=O)[C@@H]([C@H](C5=CC=CC=C5)NC(=O)OC(C)(C)C)O)O)OC(=O)C6=CC=CC=C6)(CO4)OC(=O)C)O)C)O
DR01071,Erlotinib,Erlotinib,176870,COCCOC1=C(C=C2C(=C1)C(=NC=N2)NC3=CC=CC(=C3)C#C)OCCOC
DR01120,Lapatinib,Lapatinib,208908,CS(=O)(=O)CCNCC1=CC=C(O1)C2=CC3=C(C=C2)N=CN=C3NC4=CC(=C(C=C4)OCC5=CC(=CC=C5)F)Cl
DR01133,Sorafenib,Sorafenib,216239,CNC(=O)C1=NC=CC(=C1)OC2=CC=C(C=C2)NC(=O)NC3=CC(=C(C=C3)Cl)C(F)(F)F
DR09838,Teniposide,Teniposide,452548,COC1=CC(=CC(=C1O)OC)[C@H]2[C@@H]3[C@H](COC3=O)[C@@H](C4=CC5=C(C=C24)OCO5)O[C@H]6[C@@H]([C@H]([C@H]7[C@H](O6)CO[C@H](O7)C8=CC=CS8)O)O
DR09842,Dactinomycin,Actinomycin-D,457193,C[C@@H]1[C@@H](C(=O)N[C@@H](C(=O)N2CCC[C@H]2C(=O)N(CC(=O)N([C@H](C(=O)O1)C(C)C)C)C)C(C)C)NC(=O)C3=C4C(=C(C=C3)C)OC5=C(C(=O)C(=C(C5=N4)C(=O)N[C@H]6[C@H](OC(=O)[C@@H](N(C(=O)CN(C(=O)[C@@H]7CCCN7C(=O)[C@H](NC6=O)C(C)C)C)C)C(C)C)C)N)C
DR10195,Tamoxifen,Tamoxifen,2733526,CC/C(=C(\\C1=CC=CC=C1)/C2=CC=C(C=C2)OCCN(C)C)/C3=CC=CC=C3
DR10454,Dasatinib,Dasatinib,3062316,CC1=C(C(=CC=C1)Cl)NC(=O)C2=CN=C(S2)NC3=CC(=NC(=N3)C)N4CCN(CC4)CCO
DR10717,Vinorelbine,Vinorelbine,5311497,CCC1=C[C@H]2C[C@@](C3=C(CN(C2)C1)C4=CC=CC=C4N3)(C5=C(C=C6C(=C5)[C@]78CCN9[C@H]7[C@@](C=CC9)([C@H]([C@@]([C@@H]8N6C)(C(=O)OC)O)OC(=O)C)CC)OC)C(=O)OC
DR10732,Sunitinib,Sunitinib,5329102,CCN(CC)CCNC(=O)C1=C(NC(=C1C)/C=C\\2/C3=C(C=CC(=C3)F)NC2=O)C
DR10884,Bleomycin,Bleomycin,5360373,CC1=C(N=C(N=C1N)[C@H](CC(=O)N)NC[C@@H](C(=O)N)N)C(=O)N[C@@H]([C@H](C2=CN=CN2)OC3C(C(C(C(O3)CO)O)O)OC4C(C(C(C(O4)CO)O)OC(=O)N)O)C(=O)N[C@H](C)[C@H]([C@H](C)C(=O)N[C@@H]([C@@H](C)O)C(=O)NCCC5=NC(=CS5)C6=NC(=CS6)C(=O)NCCC[S+](C)C)O
DR12588,Axitinib,Axitinib,6450551,CNC(=O)C1=CC=CC=C1SC2=CC3=C(C=C2)C(=NN3)/C=C/C4=CC=CC=N4
DR12845,Temsirolimus,Temsirolimus,6918289,C[C@@H]1CC[C@H]2C[C@@H](/C(=C/C=C/C=C/[C@H](C[C@H](C(=O)[C@@H]([C@@H](/C(=C/[C@H](C(=O)C[C@H](OC(=O)[C@@H]3CCCCN3C(=O)C(=O)[C@@]1(O2)O)[C@H](C)C[C@@H]4CC[C@H]([C@@H](C4)OC)OC(=O)C(C)(CO)CO)C)/C)O)OC)C)C)/C)OC
DR12850,rigosertib,rigosertib,6918736,COC1=C(C=C(C=C1)CS(=O)(=O)/C=C/C2=C(C=C(C=C2OC)OC)OC)NCC(=O)O
DR13423,Oxaliplatin,Oxaliplatin,9887053,C1CC[C@H]([C@@H](C1)[NH-])[NH-].C(=O)(C(=O)O)O.[Pt+2]
DR13437,Tivozanib,Tivozanib,9911830,CC1=CC(=NO1)NC(=O)NC2=C(C=C(C=C2)OC3=C4C=C(C(=CC4=NC=C3)OC)OC)Cl
DR13447,Cediranib,Cediranib,9933475,CC1=CC2=C(N1)C=CC(=C2F)OC3=NC=NC4=CC(=C(C=C43)OC)OCCCN5CCCC5
DR13491,Pazopanib,Pazopanib,10113978,CC1=C(C=C(C=C1)NC2=NC=CC(=N2)N(C)C3=CC4=NN(C(=C4C=C3)C)C)S(=O)(=O)N
DR13589,regorafenib,regorafenib,11167602,CNC(=O)C1=NC=CC(=C1)OC2=CC(=C(C=C2)NC(=O)NC3=CC(=C(C=C3)Cl)C(F)(F)F)F
DR13698,Tivantinib,Tivantinib (ARQ-197),11494412,C1CC2=C3C(=CC=C2)C(=CN3C1)[C@H]4[C@@H](C(=O)NC4=O)C5=CNC6=CC=CC=C65
DR13802,Trametinib,Trametinib,11707110,CC1=C2C(=C(N(C1=O)C)NC3=C(C=C(C=C3)I)F)C(=O)N(C(=O)N2C4=CC=CC(=C4)NC(=O)C)C5CC5
DR15460,Vemurafenib,Vemurafenib,42611257,CCCS(=O)(=O)NC1=C(C(=C(C=C1)F)C(=O)C2=CNC3=C2C=C(C=N3)C4=CC=C(C=C4)Cl)F
DR15528,Dabrafenib,Dabrafenib,44462760,CC(C)(C)C1=NC(=C(S1)C2=NC(=NC=C2)N)C3=C(C(=CC=C3)NS(=O)(=O)C4=C(C=CC=C4F)F)F
DR16994,Dacarbazine,Dacarbazine,135398738,CN(C)/N=N/C1=C(NC=N1)C(=O)N
DR17095,Pemetrexed,Pemetrexed,135410875,C1=CC(=CC=C1CCC2=CNC3=C2C(=O)NC(=N3)N)C(=O)N[C@@H](CCC(=O)O)C(=O)O
DR21100,Procarbazine,Procarbazine,4915,CC(C)NC(=O)C1=CC=C(C=C1)CNNC
DR21102,Thalidomide,Thalidomide,5426,C1CC(=O)NC(=O)C1N2C(=O)C3=CC=CC=C3C2=O
DR00031,Bicalutamide,Casodex,2375,CC(CS(=O)(=O)C1=CC=C(C=C1)F)(C(=O)NC2=CC(=C(C=C2)C#N)C(F)(F)F)O
DR00067,Fluorouracil,5 fluorouracil,3385,C1=C(C(=O)NC(=O)N1)F
DR09820,Tretinoin,cis-retinoic acid,444795,CC1=C(C(CCC1)(C)C)/C=C/C(=C/C=C/C(=C/C(=O)O)/C)/C
DR10747,Palbociclib,PD 0332991,5330286,CC1=C(C(=O)N(C2=NC(=NC=C12)NC3=NC=C(C=C3)N4CCNCC4)C5CCCC5)C(=O)C
DR12196,azane;dichloroplatinum,Cisplatin,5702198,N.N.Cl[Pt]Cl
DR13492,Selumetinib,AZD6244,10127622,CN1C=NC2=C1C=C(C(=C2F)NC3=C(C=C(C=C3)Br)Cl)C(=O)NOCCO
DR15305,Alisertib,MLN8237,24771867,COC1=C(C(=CC=C1)F)C2=NCC3=CN=C(N=C3C4=C2C=C(C=C4)Cl)NC5=CC(=C(C=C5)C(=O)O)OC
DR15435,Apitolisib,GDC-0980,25254071,CC1=C(SC2=C1N=C(N=C2N3CCOCC3)C4=CN=C(N=C4)N)CN5CCN(CC5)C(=O)[C@H](C)O
ND00001,Anastrozole,Anastrozole,2187,CC(C)(C#N)C1=CC(=CC(=C1)CN2C=NC=N2)C(C)(C)C#N
ND00002,Carmustine,Carmustine,2578,C(CCl)NC(=O)N(CCCl)N=O
ND00003,Celecoxib,Celebrex,2662,CC1=CC=C(C=C1)C2=CC(=NN2C3=CC=C(C=C3)S(=O)(=O)N)C(F)(F)F
ND00004,Didox,Didox,3045,C1=CC(=C(C=C1C(=O)NO)O)O
ND00005,Valproic Acid,Valproic Acid,3121,CCCC(CCC)C(=O)O
ND00006,Hydroxyurea,Hydroxyurea,3657,C(=O)(N)NO
ND00007,Letrozole,Letrozole,3902,C1=CC(=CC=C1C#N)C(C2=CC=C(C=C2)C#N)N3C=NC=N3
ND00008,Lomustine,Lomustine,3950,C1CCC(CC1)NC(=O)N(CCCl)N=O
ND00009,Mitotane,mitotane,4211,C1=CC=C(C(=C1)C(C2=CC=C(C=C2)Cl)C(Cl)Cl)Cl
ND00010,Nilutamide,Nilutamide,4493,CC1(C(=O)N(C(=O)N1)C2=CC(=C(C=C2)[N+](=O)[O-])C(F)(F)F)C
ND00011,Ondansetron,Zofran,4595,CC1=NC=CN1CC2CCC3=C(C2=O)C4=CC=CC=C4N3C
ND00012,Pamidronic acid,Pamidronate,4674,C(CN)C(O)(P(=O)(O)O)P(=O)(O)O
ND00013,Raloxifene,raloxifene,5035,C1CCN(CC1)CCOC2=CC=C(C=C2)C(=O)C3=C(SC4=C3C=CC(=C4)O)C5=CC=C(C=C5)O
ND00014,Hydrocortisone,Hydrocortisone,5754,C[C@]12CCC(=O)C=C1CC[C@@H]3[C@@H]2[C@H](C[C@]4([C@H]3CC[C@@]4(C(=O)CO)O)C)O
ND00015,Levothyroxine,Levothyroxine,5819,C1=C(C=C(C(=C1I)OC2=CC(=C(C(=C2)I)O)I)I)C[C@@H](C(=O)O)N
ND00016,Prednisone,Prednisone,5865,C[C@]12CC(=O)[C@H]3[C@H]([C@@H]1CC[C@@]2(C(=O)CO)O)CCC4=CC(=O)C=C[C@]34C
ND00017,Methylprednisolone,Medrol,6741,C[C@H]1C[C@H]2[C@@H]3CC[C@@]([C@]3(C[C@@H]([C@@H]2[C@@]4(C1=CC(=O)C=C4)C)O)C)(C(=O)CO)O
ND00018,Dexamethasone phosphate,Dexamethasone phosphate,9400,C[C@@H]1C[C@H]2[C@@H]3CCC4=CC(=O)C=C[C@@]4([C@]3([C@H](C[C@@]2([C@]1(C(=O)COP(=O)(O)O)O)C)O)F)C
ND00019,Megestrol acetate,Megace,11683,CC1=C[C@@H]2[C@H](CC[C@]3([C@H]2CC[C@@]3(C(=O)C)OC(=O)C)C)[C@@]4(C1=CC(=O)CC4)C
ND00020,Doxifluridine,Doxifluridine,18343,C[C@@H]1[C@H]([C@H]([C@@H](O1)N2C=C(C(=O)NC2=O)F)O)O
ND00021,Platinum,Platinum,23939,[Pt]
ND00022,Streptozotocin,streptozocin,29327,CN(C(=O)N[C@@H]1[C@H]([C@@H]([C@H](O[C@@H]1O)CO)O)O)N=O
ND00023,Nimustine,Nimustine,39214,CC1=NC=C(C(=N1)N)CNC(=O)N(CCCl)N=O
ND00024,Exemestane,Exemestane,60198,C[C@]12CC[C@H]3[C@H]([C@@H]1CCC2=O)CC(=C)C4=CC(=O)C=C[C@]34C
ND00025,Mibefradil,Mibefradil,60663,CC(C)[C@H]1C2=C(CC[C@@]1(CCN(C)CCCC3=NC4=CC=CC=C4N3)OC(=O)COC)C=C(C=C2)F
ND00026,Topotecan hydrochloride,Topotecan HCl,60699,CC[C@@]1(C2=C(COC1=O)C(=O)N3CC4=CC5=C(C=CC(=C5CN(C)C)O)N=C4C3=C2)O.Cl
ND00027,Gemcitabine hydrochloride,Gemzar,60749,C1=CN(C(=O)N=C1N)[C@H]2C([C@@H]([C@H](O2)CO)O)(F)F.Cl
ND00028,Capecitabine,Capecitabine,60953,CCCCCOC(=O)NC1=NC(=O)N(C=C1F)[C@H]2[C@@H]([C@@H]([C@H](O2)C)O)O
ND00029,Irinotecan hydrochloride,Irinotecan Hydrochloride,74990,CCC1=C2CN3C(=CC4=C(C3=O)COC(=O)[C@@]4(CC)O)C2=NC5=C1C=C(C=C5)OC(=O)N6CCC(CC6)N7CCCCC7.Cl
ND00030,Fotemustine,Fotemustine,104799,CCOP(=O)(C(C)NC(=O)N(CCCl)N=O)OCC
ND00031,Trabectedin,trabectedin,108150,CC1=CC2=C([C@@H]3[C@@H]4[C@H]5C6=C(C(=C7C(=C6[C@@H](N4[C@H]([C@H](C2)N3C)O)COC(=O)[C@@]8(CS5)C9=CC(=C(C=C9CCN8)O)OC)OCO7)C)OC(=O)C)C(=C1OC)O
ND00032,Trabectedin,ET-743,108150,CC1=CC2=C([C@@H]3[C@@H]4[C@H]5C6=C(C(=C7C(=C6[C@@H](N4[C@H]([C@H](C2)N3C)O)COC(=O)[C@@]8(CS5)C9=CC(=C(C=C9CCN8)O)OC)OCO7)C)OC(=O)C)C(=C1OC)O
ND00033,Karenitecin,Karenitecin,148202,CC[C@@]1(C2=C(COC1=O)C(=O)N3CC4=C(C5=CC=CC=C5N=C4C3=C2)CC[Si](C)(C)C)O
ND00034,Resiquimod,Resiquimod,159603,CCOCC1=NC2=C(N1CC(C)(C)O)C3=CC=CC=C3N=C2N
ND00035,Cilengitide,Cilengitide,176873,CC(C)[C@H]1C(=O)N[C@H](C(=O)NCC(=O)N[C@H](C(=O)N[C@@H](C(=O)N1C)CC2=CC=CC=C2)CC(=O)O)CCCN=C(N)N
ND00036,Ladirubicin,PNU-159548,216232,C[C@H]1[C@H]([C@H](C[C@@H](O1)O[C@H]2C[C@@](CC3=C2C(=C4C(=C3O)C(=O)C5=CC=CC=C5C4=O)O)(C(=O)C)O)N6CC6)OS(=O)(=O)C
ND00037,Carboplatin,Carboplatin,426756,C1CC(C1)(C(=O)O)C(=O)O.[NH2-].[NH2-].[Pt+2]
ND00038,"1-acetyl-4-(4-{[(2R,4S)-2-(2,4-dichlorophenyl)-2-(1H-imidazol-1-ylmethyl)-1,3-dioxolan-4-yl]methoxy}phenyl)piperazine",ketoconazole,456201,CC(=O)N1CCN(CC1)C2=CC=C(C=C2)OC[C@H]3CO[C@](O3)(CN4C=CN=C4)C5=C(C=C(C=C5)Cl)Cl
ND00039,Melphalan,Melphalan,460612,C1=CC(=CC=C1C[C@@H](C(=O)O)N)N(CCCl)CCCl
ND00040,Leuprolide acetate,Leuprolide Acetate,657180,CCNC(=O)[C@@H]1CCCN1C(=O)[C@H](CCCN=C(N)N)NC(=O)[C@H](CC(C)C)NC(=O)[C@@H](CC(C)C)NC(=O)[C@H](CC2=CC=C(C=C2)O)NC(=O)[C@H](CO)NC(=O)[C@H](CC3=CNC4=CC=CC=C43)NC(=O)[C@H](CC5=CN=CN5)NC(=O)[C@@H]6CCC(=O)N6.CC(=O)O
ND00041,Leuprorelin,Leuprorelin,657181,CCNC(=O)[C@@H]1CCCN1C(=O)[C@H](CCCN=C(N)N)NC(=O)[C@H](CC(C)C)NC(=O)[C@@H](CC(C)C)NC(=O)[C@H](CC2=CC=C(C=C2)O)NC(=O)[C@H](CO)NC(=O)[C@H](CC3=CNC4=CC=CC=C43)NC(=O)[C@H](CC5=CN=CN5)NC(=O)[C@@H]6CCC(=O)N6
ND00042,Sulindac,Sulindac,1548887,CC\1=C(C2=C(/C1=C\C3=CC=C(C=C3)S(=O)C)C=CC(=C2)F)CC(=O)O
ND00043,"5-chloro-3-[2-(2,6-difluorophenyl)ethyl]-1H-imidazo[4,5-b]pyridine-2-thione",GP100,3003004,C1=CC(=C(C(=C1)F)CCN2C3=C(C=CC(=N3)Cl)NC2=S)F
ND00044,Toremifene citrate,Fareston,3005572,CN(C)CCOC1=CC=C(C=C1)/C(=C(/CCCl)\C2=CC=CC=C2)/C3=CC=CC=C3.C(C(=O)O)C(CC(=O)O)(C(=O)O)O
ND00045,Ciclosporin,Ciclosporin,5284373,CC[C@H]1C(=O)N(CC(=O)N([C@H](C(=O)N[C@H](C(=O)N([C@H](C(=O)N[C@H](C(=O)N[C@@H](C(=O)N([C@H](C(=O)N([C@H](C(=O)N([C@H](C(=O)N([C@H](C(=O)N1)[C@@H]([C@H](C)C/C=C/C)O)C)C(C)C)C)CC(C)C)C)CC(C)C)C)C)C)CC(C)C)C)C(C)C)CC(C)C)C)C
ND00046,Goserelin,Goserelin,5311128,CC(C)C[C@@H](C(=O)N[C@@H](CCCN=C(N)N)C(=O)N1CCC[C@H]1C(=O)NNC(=O)N)NC(=O)[C@@H](COC(C)(C)C)NC(=O)[C@H](CC2=CC=C(C=C2)O)NC(=O)[C@H](CO)NC(=O)[C@H](CC3=CNC4=CC=CC=C43)NC(=O)[C@H](CC5=CN=CN5)NC(=O)[C@@H]6CCC(=O)N6
ND00047,Halichondrin B,Halichondrin B,5488895,C[C@@H]1C[C@@H]2CC[C@H]3C(=C)C[C@@H](O3)CC[C@]45C[C@@H]6[C@H](O4)[C@H]7[C@@H](O6)[C@@H](O5)[C@@H]8[C@@H](O7)CC[C@@H](O8)CC(=O)O[C@@H]9[C@H]([C@H]3[C@H](C[C@@H]4[C@H](O3)C[C@@]3(O4)C[C@H]4[C@@H](O3)[C@H](C[C@]3(O4)C[C@@H]([C@H]4[C@@H](O3)C[C@H](O4)[C@H](C[C@H](CO)O)O)C)C)O[C@H]9C[C@H](C1=C)O2)C
ND00048,Everolimus,Everolimus,6442177,C[C@@H]1CC[C@H]2C[C@@H](/C(=C/C=C/C=C/[C@H](C[C@H](C(=O)[C@@H]([C@@H](/C(=C/[C@H](C(=O)C[C@H](OC(=O)[C@@H]3CCCCN3C(=O)C(=O)[C@@]1(O2)O)[C@H](C)C[C@@H]4CC[C@H]([C@@H](C4)OC)OCCO)C)/C)O)OC)C)C)/C)OC
ND00049,Ixabepilone,Ixabepilone,6445540,C[C@H]1CCC[C@@]2([C@@H](O2)C[C@H](NC(=O)C[C@@H](C(C(=O)[C@@H]([C@H]1O)C)(C)C)O)/C(=C/C3=CSC(=N3)C)/C)C
ND00050,Palonosetron hydrochloride,Aloxi,6918303,C1C[C@@H]2CN(C(=O)C3=CC=CC(=C23)C1)[C@@H]4CN5CCC4CC5.Cl
ND00051,Sonolisib,px-866,9849735,CC(=O)O[C@@H]1C[C@]2([C@@H](CCC2=O)C3=C1[C@]4([C@H](OC(=O)/C(=C/N(CC=C)CC=C)/C4=C(C3=O)O)COC)C)C
ND00052,Cabazitaxel,Cabazitaxel,9854073,CC1=C2[C@H](C(=O)[C@@]3([C@H](C[C@@H]4[C@]([C@H]3[C@@H]([C@@](C2(C)C)(C[C@@H]1OC(=O)[C@@H]([C@H](C5=CC=CC=C5)NC(=O)OC(C)(C)C)O)O)OC(=O)C6=CC=CC=C6)(CO4)OC(=O)C)OC)C)OC
ND00053,Treosulfan,Treosulfan,9882105,CS(=O)(=O)OC[C@@H]([C@H](COS(=O)(=O)C)O)O
ND00054,Pasireotide,SOM 230,9941444,C1[C@H](CN2[C@@H]1C(=O)N[C@H](C(=O)N[C@@H](C(=O)N[C@H](C(=O)N[C@H](C(=O)N[C@H](C2=O)CC3=CC=CC=C3)CC4=CC=C(C=C4)OCC5=CC=CC=C5)CCCCN)CC6=CNC7=CC=CC=C76)C8=CC=CC=C8)OC(=O)NCCN
ND00055,Losartan potassium,Erythropoietin,11751549,CCCCC1=NC(=C(N1CC2=CC=C(C=C2)C3=CC=CC=C3C4=NN=N[N-]4)CO)Cl.[K+]
ND00056,Evofosfamide,TH-302,11984561,CN1C(=CN=C1[N+](=O)[O-])COP(=O)(NCCBr)NCCBr
ND00057,Degarelix,degarelix,16136245,C[C@H](C(=O)N)NC(=O)[C@@H]1CCCN1C(=O)[C@H](CCCCNC(C)C)NC(=O)[C@H](CC(C)C)NC(=O)[C@@H](CC2=CC=C(C=C2)NC(=O)N)NC(=O)[C@H](CC3=CC=C(C=C3)NC(=O)[C@@H]4CC(=O)NC(=O)N4)NC(=O)[C@H](CO)NC(=O)[C@@H](CC5=CN=CC=C5)NC(=O)[C@@H](CC6=CC=C(C=C6)Cl)NC(=O)[C@@H](CC7=CC8=CC=CC=C8C=C7)NC(=O)C
ND00058,Eribulin mesylate,Halaven,17755248,C[C@@H]1C[C@@H]2CC[C@H]3C(=C)C[C@@H](O3)CC[C@]45C[C@@H]6[C@H](O4)[C@H]7[C@@H](O6)[C@@H](O5)[C@@H]8[C@@H](O7)CC[C@@H](O8)CC(=O)C[C@H]9[C@H](C[C@H](C1=C)O2)O[C@@H]([C@@H]9OC)C[C@@H](CN)O.CS(=O)(=O)O
ND00059,Mesna,MESNA,23662354,C(CS(=O)(=O)[O-])S.[Na+]
ND00060,Liothyronine sodium,Cytomel,23666110,C1=CC(=C(C=C1OC2=C(C=C(C=C2I)C[C@@H](C(=O)[O-])N)I)I)O.[Na+]
ND00061,Tyrosine kinase inhibitor,Tyrosine kinase inhibitor,24956525,C1CC1(C(=O)NC2=CC=C(C=C2)OC3=C4C=C(NC4=NC=C3)C(=O)NCCN5CCOCC5)C(=O)NC6=CC=C(C=C6)F
ND00062,Triptorelin,Triptorelin,25074470,CC(C)C[C@@H](C(=O)N[C@@H](CCCN=C(N)N)C(=O)N1CCC[C@H]1C(=O)NCC(=O)N)NC(=O)[C@@H](CC2=CNC3=CC=CC=C32)NC(=O)[C@H](CC4=CC=C(C=C4)O)NC(=O)[C@H](CO)NC(=O)[C@H](CC5=CNC6=CC=CC=C65)NC(=O)[C@H](CC7=CN=CN7)NC(=O)[C@@H]8CCC(=O)N8
ND00063,Veliparib dihydrochloride,ABT-888,45480520,C[C@@]1(CCCN1)C2=NC3=C(C=CC=C3N2)C(=O)N.Cl.Cl
ND00064,MK-2206 dihydrochloride,MK2206,46930998,C1CC(C1)(C2=CC=C(C=C2)C3=C(C=C4C(=N3)C=CN5C4=NNC5=O)C6=CC=CC=C6)N.Cl.Cl
ND00065,Iloprost R-isomer,IL2,51397006,CC#CC[C@@H](C)[C@@H](/C=C/[C@H]1[C@@H](C[C@H]2[C@@H]1C/C(=C/CCCC(=O)O)/C2)O)O
ND00066,"N-[2,4-Difluoro-3-[[5-(3-pyridinyl)-1H-pyrrolo[2,3-b]pyridin-3-yl]carbonyl]phenyl]-2-propanesulfonamide",BRAF inhibitor,53438230,CC(C)S(=O)(=O)NC1=C(C(=C(C=C1)F)C(=O)C2=CNC3=C2C=C(C=N3)C4=CN=CC=C4)F
ND00067,"3-Oxo-2,3-Dihydro-1,2-Benzothiazole-6-Sulfonamide 1,1-Dioxide",IL5,57407714,C1=CC2=C(C=C1S(=O)(=O)N)S(=O)(=O)NC2=O
ND00068,Xelox,Xelox,71301229,CCCCCOC(=O)NC1=NC(=O)N(C=C1F)[C@H]2[C@@H]([C@@H]([C@H](O2)C)O)O.C1CC[C@H]([C@@H](C1)[NH-])[NH-].C(=O)(C(=O)[O-])[O-].[Pt+4]
ND00069,1-But-2-Ynoxy-4-[(Sulfamoylamino)methyl]benzene,IL3,78350456,CC#CCOC1=CC=C(C=C1)CNS(=O)(=O)N
ND00070,Carboplatin Paclitaxel,Carboplatin Paclitaxel,131729795,CC1=C2[C@H](C(=O)[C@@]3([C@H](C[C@@H]4[C@]([C@H]3[C@@H]([C@@](C2(C)C)(C[C@@H]1OC(=O)[C@@H]([C@H](C5=CC=CC=C5)NC(=O)C6=CC=CC=C6)O)O)OC(=O)C7=CC=CC=C7)(CO4)OC(=O)C)O)C)OC(=O)C.C1CC(C1)(C(=O)O)C(=O)O.N.N.[Pt+2]
ND00071,Calcium folinate,leucovorin calcium,135403647,C1C(N(C2=C(N1)N=C(NC2=O)N)C=O)CNC3=CC=C(C=C3)C(=O)N[C@@H](CCC(=O)[O-])C(=O)[O-].[Ca+2]
ND00072,Leucovorin,Leucovorin,135403648,C1C(N(C2=C(N1)N=C(NC2=O)N)C=O)CNC3=CC=C(C=C3)C(=O)N[C@@H](CCC(=O)O)C(=O)O
ND00073,Leucovorin,Folinic acid,135403648,C1C(N(C2=C(N1)N=C(NC2=O)N)C=O)CNC3=CC=C(C=C3)C(=O)N[C@@H](CCC(=O)O)C(=O)O
ND00074,Pemetrexed disodium,Pemetrexed disodium,135413520,C1=CC(=CC=C1CCC2=CNC3=C2C(=O)NC(=N3)N)C(=O)N[C@@H](CCC(=O)[O-])C(=O)[O-].[Na+].[Na+]
ND00075,"9H-Purin-6-ol, 2-((phenylmethyl)amino)-",Benzylguanine,135435090,C1=CC=C(C=C1)CNC2=NC3=C(C(=O)N2)NC=N3
ND00076,Folfox,FOLFOX,135659064,[CH2-][C@@H]1CCCC[C@H]1[CH2-].C1C(N(C2=C(N1)N=C(NC2=O)N)C=O)CNC3=CC=C(C=C3)C(=O)N[C@@H](CCC(=O)O)C(=O)O.C1=C(C(=O)NC(=O)N1)F.C(=O)(C(=O)O)O.[Pt+2]
ND00077,FOLFIRI regimen,Folfiri,136170999,CCC1=C2CN3C(=CC4=C(C3=O)COC(=O)[C@@]4(CC)O)C2=NC5=C1C=C(C=C5)OC(=O)N6CCC(CC6)N7CCCCC7.C1C(N(C2=C(N1)N=C(NC2=O)N)C=O)CNC3=CC=C(C=C3)C(=O)N[C@@H](CCC(=O)O)C(=O)O.C1=C(C(=O)NC(=O)N1)F
ND00078,BMS 247616; S 1; S 1 (antitumor agent); TS 1; TS 1 (pharmaceutical),TS-1,146157327,C1CC(OC1)N2CC(C(=O)NC2=O)F.C1C(=O)C(=CNC1=O)Cl.C1(NC(=O)NC(=O)N1)C(=O)[O-].[K+]
ND00079,R1507,R1507,.,CC
ND00080,B12,B12,.,CC
ND00081,INF,INF,.,CC
ND00082,SU101,SU101,.,CC
